gene,expression
AACS,0.14468673510795477
AAGAB,0.19498615798604318
AAK1,0.11774521266479392
AARS1,0.4105771831807865
AATF,0.1554788960572104
ABCC1,0.16771045421252478
ABCD3,0.28292458270013876
ABCD4,0.06629428793177781
ABCE1,0.16700616582915895
ABCF1,0.24860436455353233
ABHD12,0.2152139643480223
ABHD5,0.09841135269521638
ABI1,0.190975840059871
ABI2,0.15113859621897302
ABL1,0.26043379591673216
ABL2,0.14756401341024028
ABR,0.2080178887659595
ACACA,0.30477675114585123
ACAD9,0.10291419040894531
ACAP2,0.1564265048257715
ACAT1,0.10553637038773478
ACBD3,0.2250667372274658
ACBD6,0.1105421548610492
ACIN1,0.4067121634036201
ACO1,0.1384581290170306
ACOX1,0.19863330289592593
ACP1,0.20233545199897277
ACTL6A,0.13081008725491378
ACTR10,0.13650010072564095
ACTR1A,0.2924180408278991
ACTR1B,0.15602353552191595
ACTR2,0.7958758832576998
ACTR3,0.5460419772561591
ACVR1B,0.14701422841941506
ADAM10,0.28938925134875565
ADD1,0.5648047050871461
ADH5,0.24841730137595222
ADI1,0.16498573521632043
ADIPOR1,0.4738813796143198
ADNP,0.47173764739244034
ADO,0.0767700757136998
ADPGK,0.13308685595830683
ADSS2,0.19560481012269726
AFF4,0.3957791155726672
AFTPH,0.236668305248587
AGAP1,0.1357473384606038
AGAP3,0.17662724965732363
AGFG1,0.19958403615229015
AGO1,0.15162461131605737
AGO2,0.1752727195116752
AGPAT3,0.2919016945241049
AHCTF1,0.19829323029549353
AHCY,0.4303019197745864
AHCYL1,0.49100270886698205
AIFM1,0.14715965748285947
AIG1,0.11583509622247987
AK2,0.32005633026185654
AK3,0.1441338535250477
AKAP1,0.23538055526144858
AKAP11,0.1681821959894275
AKAP8,0.08731763541573799
AKIRIN2,0.08669766658469909
AKT1,0.33390125373146995
AKT2,0.3459514525873866
ALAD,0.16169443369842246
ALAS1,0.12089709984632388
ALDH18A1,0.33118627803491635
ALDH9A1,0.32631611855385195
ALG2,0.10039600638320087
ALKBH5,0.24692682775137226
ALMS1,0.1122647476812849
ALS2,0.07650519293258289
AMBRA1,0.12142667134552182
AMD1,0.21652068875663533
AMFR,0.44087536148112916
AMMECR1L,0.09998569627620649
AMOTL2,0.16013159524531909
ANAPC16,0.24769721471945327
ANAPC4,0.06157856808965198
ANAPC5,0.31062459547192844
ANAPC7,0.11691614690571879
ANGEL2,0.10627489547771661
ANKIB1,0.19347361005024777
ANKLE2,0.21017773349130586
ANKRD10,0.1966905132012506
ANKRD11,0.19342976204950804
ANKRD12,0.1458254223095061
ANKRD13A,0.11707227264912366
ANKRD17,0.34949602606307945
ANKRD27,0.11294989115791189
ANKRD28,0.15565908994671884
ANKRD52,0.17768632143688348
ANKS1A,0.13152987354546686
ANKZF1,0.07975990946326571
ANO10,0.117156211741398
ANO6,0.2724747957535543
ANP32A,0.3687688734955478
ANP32B,0.3874129199413764
ANXA11,0.438923013288828
ANXA4,0.20580635250501692
ANXA7,0.3098324840152104
AP1B1,0.35909513820471234
AP1G1,0.307625917800635
AP2A1,0.2525909635139104
AP2A2,0.2057891073249299
AP3B1,0.18219728534030283
AP3D1,0.40053040986603294
AP5M1,0.10940939031562079
APBB2,0.2662288856723901
API5,0.2554984508518341
APPBP2,0.16936884923994613
APPL1,0.1868458522949643
APPL2,0.13165060742579818
AQR,0.17375203908772627
ARAP1,0.18795751715482498
ARCN1,0.5201724419570647
AREL1,0.11091167808952274
ARF3,0.5802078438517391
ARFGAP1,0.23754374804038023
ARFGAP2,0.2578962292634849
ARFGEF1,0.3507151883918484
ARFIP2,0.24194032270892585
ARGLU1,0.19397691215056598
ARHGAP1,0.4511109777286569
ARHGAP17,0.14062322125937157
ARHGAP18,0.09143003539260645
ARHGAP35,0.4528010087778395
ARHGEF1,0.21096252368089324
ARHGEF10L,0.12198807955789008
ARHGEF11,0.23086740527954888
ARHGEF2,0.28793133849956487
ARHGEF3,0.12499897855709353
ARHGEF7,0.15340137639105283
ARID1A,0.37122408756536973
ARID1B,0.247843101972737
ARID2,0.13403559138962268
ARID4B,0.20098942264216996
ARIH1,0.22011323525476956
ARIH2,0.132127410159126
ARL1,0.31738692310724864
ARL5A,0.07516639491879376
ARL6IP1,0.7241794567429909
ARL6IP5,0.4470508257291866
ARL8A,0.17410388537313037
ARL8B,0.30795656732562005
ARMC10,0.10477954607198764
ARMC8,0.09958742045866747
ARMH3,0.08434752082894253
ARNT,0.19364791954394434
ARPC2,0.5733999300608988
ARPC3,0.377500061245485
ARPC4,0.24231416357472305
ARPC5,0.4817603437520332
ARRB2,0.09700379312962333
ARRDC3,0.24444150569931075
ASAP3,0.12304489636693151
ASB13,0.18029548472703405
ASCC2,0.16636739360347727
ASCC3,0.15229172833549987
ASH1L,0.3494949632457032
ASXL1,0.20279928303833342
ATF2,0.1315250302056437
ATF4,0.6979253595920648
ATF6,0.26957720549055575
ATF6B,0.24725609096714676
ATF7,0.09735465428550417
ATF7IP,0.28567385151324387
ATG12,0.10698709502368119
ATG13,0.22622529291080226
ATG16L1,0.12236344330272832
ATG2B,0.11310517922102242
ATG3,0.11717474217175364
ATG4B,0.11698840922895247
ATG5,0.10165797153478932
ATG7,0.0715220227534746
ATIC,0.28010405313247627
ATL2,0.17350114728913382
ATL3,0.3343198219972107
ATMIN,0.19261128525709226
ATN1,0.5451036795620487
ATOX1,0.13915773032183018
ATP13A3,0.2931050896905837
ATP2C1,0.34401254972428685
ATP5F1C,0.43078594276417403
ATP5IF1,0.18318128421236965
ATP5MC2,0.6441407139214785
ATP5PB,0.3149722408905129
ATP5PF,0.12786381055739113
ATP6AP1,0.720278132753256
ATP6AP2,0.5036663545756704
ATP6V0A1,0.16636252094124446
ATP6V0B,0.35338191115824624
ATP6V0D1,0.22462265782036475
ATP6V0E1,0.4238192455456971
ATP6V1A,0.2663571030182903
ATP6V1C1,0.24047800685170595
ATP6V1D,0.15192637995279049
ATP6V1E1,0.27082741984295744
ATP6V1G1,0.3678355847515351
ATP6V1H,0.1811435454415641
ATPAF1,0.1461818803167096
ATRAID,0.23304726022880032
ATRN,0.2452002727782345
ATRX,0.26004954177608297
ATXN10,0.2882995299280514
ATXN2,0.11242668984025933
ATXN2L,0.29062378589795146
ATXN7L3,0.17861601855827416
AUP1,0.3192311823689528
AUTS2,0.24944389093718308
AVL9,0.18888449501186638
AZIN1,0.6323560821972818
B3GNT2,0.11420317208394963
B4GALT3,0.182804953790402
B4GALT5,0.21360316401501694
BABAM2,0.07589305214933587
BAG1,0.22815231822190601
BAG3,0.2185756202208031
BAG5,0.1597203823782713
BAG6,0.5577572397942974
BAP1,0.19273284459243195
BAZ1B,0.37112727686800157
BAZ2A,0.33638152218688644
BCCIP,0.13383499308231245
BCL10,0.05828346438215662
BCL2L1,0.24097819892782146
BCL2L13,0.16591158997692132
BCL2L2,0.11802374306954452
BCL9,0.15449315545805073
BCLAF1,0.3636264326781075
BCR,0.19402482245851252
BFAR,0.1778633424500231
BICD2,0.10216840478243669
BIRC2,0.149878403540119
BIRC6,0.32007741013149604
BLOC1S6,0.13611394977015673
BMPR2,0.3322203967243798
BMS1,0.15990448779305486
BNIP2,0.1419184569998838
BNIP3L,0.33362572142580943
BOD1,0.1204540024410998
BPNT2,0.40325851674975455
BRAF,0.09769490982577927
BRAP,0.07744943222487177
BRD1,0.10842401893547841
BRD2,0.6370324277009091
BRD4,0.2761136144398825
BRD7,0.1446814968796606
BRD8,0.14987388066577653
BRD9,0.09056708872303017
BRI3,0.14675586380438144
BROX,0.23033282277330577
BRPF3,0.1719060412168313
BRWD1,0.2831501765869399
BSDC1,0.2752523981318254
BTBD1,0.17241902979418214
BTBD7,0.10922355247327963
BTBD9,0.07353400876870235
BTD,0.10633618055222528
BTF3L4,0.1575928323551776
BTG1,0.4342949028575013
BTRC,0.12279957713234685
BUD23,0.21371391483614943
BZW2,0.22344043825435372
C11orf58,0.3971046059751314
C14orf119,0.11828649252360404
C16orf72,0.1891335776111118
C1QBP,0.197280726479805
C1orf198,0.29935577027047583
C1orf43,0.7628197208364631
C2CD3,0.10931120953791763
C2CD5,0.1236179097674351
C2orf68,0.10381363888166176
C4orf3,0.3146525552037795
C5orf15,0.20778004738282255
C5orf24,0.13666877994701096
C5orf51,0.11738716792473695
C6orf62,0.4717448846495609
C6orf89,0.3299194797630144
C8orf33,0.18854093204587638
C9orf78,0.14574962704539354
CAB39,0.24077441736006178
CABIN1,0.20186727595059836
CACUL1,0.22448360004004317
CACYBP,0.2247510898594668
CAD,0.18676611796095782
CALCOCO1,0.1928009397954957
CALM1,0.7226709213085116
CALM3,0.45894984193321436
CAMK2G,0.08173428174421621
CAMKK2,0.1894858340924853
CAMLG,0.11581948669341771
CAMSAP1,0.11263185151709808
CAPN7,0.10740669960136098
CAPZA1,0.43740304149706233
CAPZB,0.6287753124232676
CARD8,0.07665939425666238
CARS1,0.1153541036371205
CARS2,0.11211101129853995
CASP2,0.15653697894422242
CASP3,0.09894007057983112
CAST,0.4405833539258999
CAT,0.2394003079213073
CBFA2T2,0.11214796760351033
CBLL1,0.0975299205669529
CBX5,0.3903230129983286
CC2D1B,0.08809441782204107
CCAR1,0.21230707653786116
CCAR2,0.18530451506535284
CCDC47,0.3447577079814037
CCDC50,0.16381147733746124
CCDC59,0.05451250515397473
CCDC90B,0.07762758941199543
CCDC92,0.11333292889560216
CCM2,0.11422766950498703
CCNC,0.12240484669507151
CCNG2,0.30975522376810405
CCNL1,0.17388674577812097
CCNL2,0.2172276930535357
CCNT1,0.11736656794971806
CCNT2,0.10668704370322062
CCNY,0.22257267623480767
CCSER2,0.1424405735458473
CCT4,0.3277876999677218
CCT7,0.6129949781918497
CCT8,0.43795462553606535
CD151,0.6177527622102892
CD276,0.3115104822629567
CD47,0.3176569398023753
CD99L2,0.12691358127418617
CDC16,0.1768582268131479
CDC27,0.17374930866232424
CDC37,0.31606581162629427
CDC42,0.6704547701778234
CDC42SE1,0.35384937626539176
CDC42SE2,0.1545437356766289
CDC5L,0.18490023726245272
CDC73,0.1650760230927562
CDIPT,0.23159774236185962
CDK13,0.17202559405205262
CDK2,0.07004038885775374
CDK2AP1,0.394563396848587
CDK5RAP1,0.07325344179374496
CDK5RAP2,0.18821482344624704
CDK9,0.13712237694071228
CDR2,0.11026508581927796
CDS2,0.2201039013679396
CEBPG,0.14903540977769408
CELF1,0.32877527354544617
CEP104,0.09671310162020766
CEP350,0.2285884641986295
CEP57,0.0679263003008353
CEP63,0.07315442490548078
CEP68,0.0856572358359377
CEP89,0.09496559871940603
CERS5,0.11677659562032919
CERT1,0.11944100908219721
CETN2,0.18520495634938744
CFAP36,0.09859881946845755
CFLAR,0.21353443853008208
CGGBP1,0.2502647424624323
CHCHD3,0.12293232725507004
CHD1,0.17007229580631333
CHD2,0.25387892797000383
CHD3,0.4993039550840886
CHD6,0.23513392303022493
CHD8,0.27419562737095354
CHMP1B,0.10883268447828573
CHMP2B,0.13636490281936742
CHMP3,0.21307790809557317
CHMP4B,0.485136627251475
CHMP5,0.19813457954246727
CHMP7,0.12730107193639784
CHP1,0.3145519312973642
CHPF2,0.16405214982727273
CHSY1,0.21399754906205457
CHTOP,0.22498030282809797
CIAO1,0.23208740950204698
CIAO2A,0.09209248937452387
CILK1,0.10999043841856015
CIR1,0.11184166884415914
CITED2,0.2347457758980733
CIZ1,0.22637894325948082
CKAP4,0.38047887354169835
CKAP5,0.4126872564847995
CLASP1,0.16153655291943167
CLASP2,0.14050526519339013
CLCN3,0.2879254699508771
CLDN12,0.1211931870531686
CLDND1,0.10803053225575227
CLEC16A,0.10167072567288932
CLIC1,0.7857004521992011
CLINT1,0.21820983562108748
CLIP1,0.25830760152737653
CLK1,0.18903516052715266
CLK2,0.11827902292277409
CLK3,0.10869759569079766
CLOCK,0.13701426829139093
CLPTM1,0.38264941792233537
CLPX,0.12371703894930249
CLTA,0.28962713352227526
CMIP,0.15936318799629484
CMPK1,0.38464342790867145
CMSS1,0.06495722372327549
CMTM3,0.15344903423622475
CMTM6,0.29891514170017397
CMTR1,0.15667871915795017
CNDP2,0.5037397115903333
CNIH1,0.20000185333267817
CNN2,0.3060543191755228
CNNM3,0.10083835962297663
CNOT10,0.08122019597907537
CNOT11,0.14420308476350502
CNOT2,0.1941626493862739
CNOT4,0.07166279002162075
CNOT6,0.16233993046074055
CNOT6L,0.14713403777581102
CNOT7,0.20935782379429088
CNOT8,0.1688644163492307
CNOT9,0.15346983649108756
CNP,0.27598002516805814
COA1,0.0954974137782723
COA5,0.06607610604538984
COG1,0.08513667352163296
COG3,0.08616000783150878
COG4,0.13643471417214043
COIL,0.07359360301152737
COLGALT1,0.33114970371972097
COMMD2,0.09202096041431694
COMT,0.2270959817376154
COP1,0.1542271678714872
COPB1,0.4498893112865832
COPB2,0.6854172038138912
COPG2,0.12097250141808563
COPS5,0.12876084196090853
COPS6,0.23616313490125623
COPS7A,0.1982092426771
COPS7B,0.08808819694920675
COPS8,0.14760314954530102
COPZ1,0.4968834742944879
COQ4,0.12807135290103178
CORO1C,0.27461732198127964
COX11,0.08655174366660312
COX15,0.0834625475109709
COX6B1,0.3789266910463787
COX7A2,0.22513399526981892
COX7A2L,0.2461964041045652
COX7B,0.2009670138678131
COX7C,0.4445490332274732
CPSF1,0.24574475952073926
CPSF2,0.1805750758524357
CPSF3,0.12165659820234294
CPSF6,0.2255377095940466
CPSF7,0.23363358052583302
CPT1A,0.26240482822572747
CRCP,0.11521590467942773
CREB1,0.14531703653057806
CREB3L2,0.34448889241178643
CREBBP,0.34242912386823826
CREBL2,0.1907653911551463
CREBZF,0.15653503622874848
CREG1,0.3443959545679171
CRIPT,0.06413572256304975
CRK,0.20584780305859127
CRKL,0.24194107452325547
CRNKL1,0.17054387261982407
CRTAP,0.41402063011164025
CRTC3,0.13658388037962257
CRY2,0.1285679420527138
CS,0.4113817697801502
CSK,0.16990736736649134
CSNK1A1,0.2746723748290925
CSNK1D,0.33230093736839605
CSNK1E,0.16244417858492352
CSNK1G3,0.09718402982240926
CSNK2A1,0.3052969952026054
CSNK2A2,0.06755365194251362
CSRNP2,0.14434970714277892
CSTF1,0.10816840323145756
CTBP1,0.18479568454532935
CTCF,0.1843734281063984
CTDSP1,0.3193016096932349
CTDSPL,0.1524310410884461
CTDSPL2,0.10092591335583809
CTIF,0.11145010101850943
CTNNA1,1.160824734064362
CTNNBL1,0.1331621323879392
CTR9,0.19749996737950576
CTSA,0.23404060137989038
CTSC,0.2587356628455455
CTSH,0.32400091868883185
CTSL,0.24796407997031175
CTSS,0.26953228434898985
CUL1,0.19620258149791717
CUL2,0.11774615183331562
CUL4A,0.2781214447601349
CUL4B,0.24246967250988183
CUL5,0.09369179140313115
CUL7,0.12594557405816015
CUL9,0.08775566589633066
CUTA,0.32482372471944065
CUX1,0.25373538048525585
CWC15,0.1109241632919848
CWC22,0.07237859952617846
CXCR4,0.22516983164538665
CXorf38,0.06727207265150185
CYB5B,0.15112148642674184
CYB5R1,0.26550667138602374
CYB5R3,0.4719538143241823
CYBC1,0.1864191469459641
CYCS,0.2805877900626506
CYFIP1,0.42002555163072597
CYLD,0.14748437485400148
CYP20A1,0.07843890333093402
CYRIB,0.21831190212376228
CYTH1,0.15083918307136074
CYTH2,0.20058605480666633
CZIB,0.07292240292875353
DAD1,0.3174006030542442
DAG1,0.5168090608977611
DAP,0.4536349644694365
DAP3,0.3844422910867709
DARS1,0.19628953285250003
DAZAP1,0.2370489796086761
DAZAP2,0.7138354391106243
DBNL,0.28722476952256865
DBT,0.08976829739725511
DCAF11,0.21133537269106292
DCAF12,0.20298983073996812
DCAF13,0.17057377212949132
DCAF16,0.11787052284879
DCAF6,0.29280353333496656
DCAF7,0.37641579988668344
DCAF8,0.127324739798806
DCAKD,0.10997470748986216
DCP2,0.13651893742562007
DCTD,0.17740368385640912
DCTN1,0.3298815884848166
DCTN2,0.2593584631357597
DCTN4,0.24668206457806446
DCTN5,0.23440270052474116
DCUN1D1,0.10363160573737265
DCUN1D4,0.08994065703491823
DDB1,0.838616291060829
DDI2,0.179419086491932
DDOST,0.52905441684708
DDX1,0.3103204537427809
DDX10,0.07748468342866564
DDX18,0.22272100975051487
DDX20,0.06009785895036543
DDX21,0.30456521237751305
DDX23,0.3234015940675639
DDX24,0.37493299077684034
DDX27,0.14120014890243313
DDX31,0.053510600954094975
DDX3X,0.9040570127237085
DDX42,0.4061322382252824
DDX46,0.194538385704034
DDX50,0.11333840518329419
DDX56,0.1900463688842816
DDX58,0.16625499832411322
DDX6,0.46648593587455683
DEDD,0.08843667949616478
DELE1,0.1385168829655767
DENND1A,0.07551197737860112
DENND4B,0.11594273978581518
DENND5A,0.18247042995841214
DENND6A,0.08484395837419373
DENR,0.2236904321375709
DERL1,0.29068000948727846
DERL2,0.10335843007440997
DESI1,0.10288961784251367
DESI2,0.17820007549094946
DFFA,0.11039071678455059
DGCR2,0.3438599937787727
DGCR8,0.0723617234569305
DGKD,0.12849417965987953
DGKZ,0.1852413114704453
DHDDS,0.10420838370639067
DHTKD1,0.19544195742807796
DHX15,0.3654552676041624
DHX16,0.11414739962762928
DHX29,0.14297485163999404
DHX30,0.20969544747568208
DHX36,0.148179920369894
DHX57,0.07539900394525195
DHX8,0.17365574322415292
DHX9,0.576140233100369
DIAPH1,0.3689079092185614
DICER1,0.22696252822588492
DIDO1,0.2503962350165006
DIP2A,0.10277600798758783
DIP2B,0.19432070770128015
DIS3,0.12699677188517727
DIS3L,0.09490448154467765
DIS3L2,0.05648052668002024
DKC1,0.2121687816605637
DLD,0.2065951061277253
DLG1,0.18698405801686138
DLGAP4,0.20745691810290634
DLST,0.22882809303899
DMAP1,0.0846993448903603
DNAAF5,0.10652491414983062
DNAJA1,0.5638646015555443
DNAJA2,0.19554078527125304
DNAJA3,0.18731181660566307
DNAJB11,0.08280029508932546
DNAJB12,0.1643394873999875
DNAJB2,0.2540336744648173
DNAJB6,0.28723067426546806
DNAJC10,0.3987077496871278
DNAJC13,0.1907069491324124
DNAJC19,0.08613447327391167
DNAJC21,0.16279329682422744
DNAJC3,0.28984841433327513
DNAJC5,0.29424757119942796
DNAJC7,0.15717724814148148
DNAJC8,0.21110697726812078
DNM1L,0.1993453111974134
DNM2,0.3161193244231612
DNMT1,0.26809271360204545
DNMT3A,0.1225328292092257
DNPEP,0.23045008059261846
DNTTIP2,0.17506141111106707
DOCK1,0.20879676995409222
DOP1B,0.20248940976010807
DPF2,0.1471175109711033
DPM1,0.09799545099990338
DPP8,0.12290094263751902
DPP9,0.1591916682433411
DPY19L3,0.11343121402175128
DR1,0.17937455728665921
DRAM2,0.13379964133538305
DROSHA,0.16993372270194565
DSTYK,0.11062591650032534
DTX3L,0.28530542380338253
DUSP11,0.059659651188926764
DUSP16,0.26462129138673507
DUSP22,0.08055925624499771
DUSP3,0.20026505929655872
DUT,0.1146034915070173
DVL3,0.2915054535972211
DYM,0.13991689902675533
DYNC1H1,1.0121982553048452
DYNC1I2,0.28993696469880437
DYNC1LI1,0.12124912425419554
DYNLL1,0.4495346977225926
DYNLL2,0.4145774972930903
DYNLT1,0.21353451553937056
DYRK1A,0.2261520611513852
DYRK2,0.1085435423584658
E2F4,0.10843221534120127
EARS2,0.11787149759480718
EBAG9,0.07895722560597372
ECD,0.1028656012530822
ECPAS,0.4195137904794991
EDEM1,0.21269089118986478
EDEM3,0.24367936511822003
EEF1AKNMT,0.14035232283623092
EEF1B2,0.6074965611919991
EEF1D,0.18892693135583738
EEF2K,0.17059211288981577
EFCAB14,0.41052229608948343
EFNA1,0.3248578250730092
EFR3A,0.3069721181170162
EFTUD2,0.2669608557028034
EHD4,0.15352988277417276
EHMT1,0.17266345284400877
EHMT2,0.14866984386587798
EI24,0.325966525534215
EID1,0.36749405060596047
EIF1AX,0.2273513475639299
EIF2A,0.258436000981117
EIF2AK1,0.6000092114811623
EIF2AK2,0.27372758956983784
EIF2AK4,0.1857648402145233
EIF2B1,0.13433164749079915
EIF2B4,0.0903035420089493
EIF2B5,0.1756020184182959
EIF2S1,0.20417074298823049
EIF2S2,0.23344071959485363
EIF3B,0.5734901817521707
EIF3D,0.5150063456265138
EIF3F,0.3573208025099225
EIF3G,0.24928804667501456
EIF3I,0.4954400628330436
EIF3J,0.1849948147335052
EIF3M,0.26344000135856543
EIF4A2,0.7820924309529934
EIF4A3,0.29244129545845865
EIF4B,0.8479766992113846
EIF4E,0.08922616223633664
EIF4E2,0.14729986006692866
EIF4ENIF1,0.06766874712137914
EIF4G3,0.2281528178618872
EIF4H,0.5461241951984572
EIF5,0.5053394447978985
EIF5A,0.5152968982149121
EIF5B,0.48826460941976374
ELAC2,0.16581320382009712
ELAVL1,0.23442760384051245
ELF2,0.10437858581836126
ELK3,0.14618853665427328
ELK4,0.17598998424854687
ELMO2,0.13519725977686803
ELMOD2,0.11657776807978847
ELOA,0.13736430292444857
ELOVL1,0.22548549314655786
ELP1,0.14561531596220273
ELP3,0.09178459330578022
EMC1,0.18516743490257193
EMC2,0.11745226774008424
EMC3,0.18677665961157705
EML4,0.172949154610892
ENC1,0.190677713540922
ENG,0.27139242063551616
ENOPH1,0.12254499141334416
ENTPD1,0.08836248192723394
ENTPD4,0.12245562213042417
ENTPD6,0.18906471503004735
ENY2,0.15849267610008297
EP300,0.3073096221877029
EP400,0.16759606323798437
EPB41L1,0.2427455936611594
EPC1,0.08005748439533454
EPHX1,0.4429213448630345
EPN1,0.2876793149680357
EPS15,0.20779092704559632
EPS15L1,0.13504956249519084
ERBIN,0.29013846077024646
ERC1,0.17941294681400943
ERCC3,0.12904991820920117
ERGIC2,0.11992070483803709
ERH,0.22318088516469048
ERI3,0.13590599157672512
ERLEC1,0.22397948802082226
ERLIN1,0.12356834141840835
ERO1A,0.1633318608428898
ERP29,0.36776564806883344
ERP44,0.1771511100566561
ESD,0.19142858333011145
ESYT1,0.40154103315708833
ESYT2,0.3990013778714559
ETF1,0.347055933808566
ETFA,0.17777244930284564
ETNK1,0.18979894119160845
ETV6,0.21604527079183938
EWSR1,0.5277007866083835
EXOC1,0.0785254445879415
EXOC3,0.15036324661190847
EXOC4,0.21287839391807864
EXOC5,0.16687660140788918
EXOC7,0.15516374385701498
EXOSC10,0.12176370913903982
EXOSC6,0.07860758851046323
EXT1,0.1451708705648128
EXT2,0.2430471226848745
EXTL3,0.11010592780009307
EYA3,0.08787051578941552
EZH1,0.09929766951769826
F11R,0.3788834206084313
FAF1,0.14303487551123248
FAF2,0.22684363037438235
FAM102A,0.47344958624249617
FAM111A,0.1292124443475661
FAM114A1,0.21273523739819966
FAM120A,0.6181759147134321
FAM120AOS,0.20293951444991845
FAM120B,0.12280827309781649
FAM122B,0.0975997355788315
FAM136A,0.09860002903858986
FAM160A2,0.08780967796091366
FAM168A,0.2341483718481875
FAM168B,0.30296544039365686
FAM177A1,0.13903312663484463
FAM193A,0.09371559432653531
FAM199X,0.17358819977888226
FAM204A,0.09466369609481826
FAM20B,0.2829188606505789
FAM32A,0.1919859579126247
FAM8A1,0.14974978093078373
FAM91A1,0.2026401761400595
FAM98A,0.12561749204974512
FARP1,0.3206335979230775
FARSB,0.14040144110021313
FASTKD2,0.10762105152140913
FBRS,0.24704225049826897
FBXL3,0.13499890065746326
FBXL5,0.29580193079957173
FBXO21,0.1583371535535879
FBXO22,0.08153747513317794
FBXO28,0.18124544317316138
FBXO3,0.12048204957704321
FBXO42,0.07993622474635356
FBXO7,0.23834406524797938
FBXO9,0.14062892512780592
FBXW11,0.15136193828863426
FBXW2,0.2298160822744472
FCF1,0.1058510275011079
FDFT1,0.33294868364018765
FEM1B,0.2624236569452201
FEM1C,0.11045860641890326
FEZ2,0.10729240999679332
FGFR1OP2,0.08446879979304178
FH,0.2305418780003193
FKBP15,0.1553129056650006
FKBP9,0.3137238017356766
FLAD1,0.15885891790765663
FLII,0.41054175366468315
FLOT1,0.5138141980536705
FLOT2,0.3245528013911403
FMR1,0.14429968081221847
FNBP4,0.15778049724915186
FNDC3B,0.2547615346956786
FNTA,0.13445679429674484
FOCAD,0.11701380485956668
FOSL2,0.42210926521955416
FOXJ2,0.1060958884433376
FOXJ3,0.18374835502524672
FOXK1,0.12747497015170664
FOXK2,0.18040541335593951
FRYL,0.17805960770156576
FTO,0.1835935928547686
FUBP1,0.29095409193881483
FUBP3,0.14899309133895025
FUS,0.6691378804386646
FXR1,0.3576177076474344
FYCO1,0.17887954013281293
FYTTD1,0.22897089602454718
G3BP1,0.4848905478543261
G3BP2,0.40777028639603
GABARAPL2,0.1771470774811748
GABPB1,0.06055453521926823
GAK,0.2479388892749431
GALNT1,0.33722203254947186
GALNT10,0.29790203702537754
GALNT11,0.10634054658293113
GAPVD1,0.1693518952833809
GARRE1,0.09336394730171053
GARS1,0.3006766956818274
GART,0.20252219288567552
GATAD1,0.11406149924077366
GATAD2A,0.22005531325089853
GATAD2B,0.1745934244322604
GBA2,0.12298847575685938
GBF1,0.2855374896876716
GCN1,0.3690624487025195
GDE1,0.2188260435802284
GDI1,0.4181399549017211
GEMIN5,0.08816681996064626
GFM1,0.18467889405603055
GFOD2,0.07444579966872104
GGA1,0.14133803708744902
GGA2,0.30426501702395153
GGCX,0.1346984856738031
GGNBP2,0.17705755517807736
GID8,0.29105441542223975
GIGYF1,0.1759852314911839
GIGYF2,0.21705528780229955
GINM1,0.1115152753867278
GIPC1,0.2600735192198049
GLB1,0.183599063423433
GLE1,0.12550350863479548
GLG1,0.48349299553387315
GLO1,0.4359782714395041
GLOD4,0.1370502847708161
GLRX3,0.11323633374555406
GLT8D1,0.14088322765205596
GLTP,0.1273823589233383
GLUD1,0.48215135364620615
GLYR1,0.3220224274299811
GM2A,0.2872458067587348
GMFB,0.18994060822407363
GMPR2,0.16108143636581485
GMPS,0.2566500314979264
GNA12,0.20652127359943245
GNA13,0.26840932826315106
GNAI2,0.7630805155713773
GNAI3,0.28804657235214265
GNL1,0.15582613361253836
GNL2,0.19484487521204433
GNL3,0.23907255972204758
GNL3L,0.12192797713754244
GNPAT,0.1916411585388096
GNPDA1,0.1330886632338758
GNPTAB,0.1775621633054782
GOLGA1,0.09076828919733657
GOLGA2,0.2982457813206499
GOLGA3,0.28857260948393415
GOLGA4,0.38918508099124666
GOLGA5,0.18877609468536105
GOLGB1,0.6453015139379963
GOLM2,0.26202848453735195
GOLPH3,0.3798405712243643
GON4L,0.15604699157870228
GOPC,0.10741337913017905
GORASP1,0.12719085365988358
GORASP2,0.3133844586520931
GOSR1,0.15987059707492318
GOSR2,0.11907896958003931
GOT2,0.296050510675565
GPATCH8,0.1509563253262041
GPBP1,0.2908495594000092
GPBP1L1,0.34211167713397655
GPD2,0.23039307937132567
GPN1,0.08684975872588198
GPR107,0.3754527358875617
GRAMD1A,0.2346450459528185
GRHPR,0.1926798487580595
GRIPAP1,0.12827811610338796
GRK2,0.28368146442438774
GRPEL1,0.09603183943568126
GRSF1,0.30218927620510055
GSE1,0.3489360166921881
GSK3B,0.22252493903093562
GSPT1,0.5484623988337279
GSTK1,0.31644384105070433
GTF2A1,0.13934562425901198
GTF2H1,0.10501013052421115
GTF2IRD1,0.09225015587271507
GTF3A,0.267747186714987
GTF3C1,0.37683419002096213
GTF3C2,0.1399103255831152
GTF3C3,0.09569515592354758
GTF3C4,0.16938598183101927
GTPBP1,0.1558198948457348
GTPBP2,0.12745807710026225
GTPBP4,0.18453056760851405
GUCD1,0.3090188448015597
GUF1,0.09428496751023274
GUK1,0.43399216351001485
GYG1,0.14126022662173668
H2AZ2,0.4492036817636312
H3-3A,0.13652552553863462
H6PD,0.2707988841859119
HADH,0.2010932184455802
HADHA,0.5637150594698124
HADHB,0.3454068167931258
HARS1,0.13421131442662151
HAT1,0.14465973337146035
HAX1,0.23250197139415335
HBS1L,0.15575472439810134
HCFC1,0.27349564889093353
HDAC1,0.30188105534246024
HDAC2,0.2937379526433733
HDAC6,0.13451112576233143
HDAC7,0.20111879987088743
HDDC2,0.10324646536904536
HEBP2,0.2334385532415114
HECA,0.11634355758489105
HECTD4,0.19059863872091562
HELZ,0.179463325865709
HERC1,0.2146078686025063
HERC2,0.18643715884152473
HERC4,0.11864268846464023
HERPUD1,0.3157545381745609
HERPUD2,0.08225151259659001
HEXB,0.28490841962528046
HEXIM1,0.16189385872024162
HGS,0.15648794721510886
HIBADH,0.14513698527995902
HIF1AN,0.1723396728301359
HINT1,0.405040266817879
HIP1,0.23351129730261055
HIP1R,0.12746994266140219
HIPK1,0.22903532191796883
HIPK3,0.3039625932971811
HK2,0.30107402242029424
HM13,0.4807420755465149
HMGA1,0.3539681864838773
HMGB1,0.5728061323322947
HMGB2,0.315692497345736
HMGCR,0.14165980501104847
HMGN1,0.49500741975874685
HMGN2,0.4988429225552171
HMGN4,0.18740070128309738
HMGXB3,0.16631603251037405
HNRNPA0,0.42929379365070597
HNRNPA3,0.6768990724405799
HNRNPAB,0.3669962718827458
HNRNPC,1.138462933309774
HNRNPD,0.5013896173188074
HNRNPDL,0.4921497418586611
HNRNPF,0.7633255305958968
HNRNPH1,0.6982805529022683
HNRNPH2,0.2802286754799134
HNRNPH3,0.2275643768032508
HNRNPK,1.4707452882944054
HNRNPL,0.3636305206566248
HNRNPM,0.5493218709788851
HNRNPR,0.39967117176797345
HNRNPUL1,0.6201715948599797
HNRNPUL2,0.1411313817915633
HP1BP3,0.4469077701620337
HPS1,0.14576240133935445
HPS4,0.0893307927302134
HS1BP3,0.09105711227577329
HSBP1,0.30165386434794406
HSDL1,0.08896248112964157
HSPA1B,0.25289354150971954
HSPA4,0.45258709485570514
HSPA9,0.818513223534705
HTATSF1,0.255119155850931
HTT,0.30871841095373603
HYOU1,0.38913249549813356
IARS1,0.37261415546205
IARS2,0.48357204344310306
IBTK,0.1889203268923206
ICE2,0.11673282803739048
ICMT,0.2714602524381146
IDE,0.14205335792731183
IFI16,0.22229068548030664
IFNAR1,0.2303355023844484
IFNGR1,0.22044497540998104
IFNGR2,0.1606869270393547
IFT122,0.1445924852467221
IGF2R,0.4276491479526605
IK,0.2654220258365976
IKBKB,0.21912067053845016
IL17RA,0.09163581199045084
ILF2,0.654626540044199
ILF3,0.687386115163696
ILKAP,0.05834340986304567
ILRUN,0.37408757504615503
IMMT,0.2632402358029534
IMPACT,0.1287215652857128
IMPDH2,0.4529439725153513
INIP,0.09411127729502765
INO80,0.09982610278243907
INPPL1,0.2926922025044075
INSIG1,0.1690777771769266
INTS1,0.3096579968975141
INTS10,0.11590519788581596
INTS11,0.18916004771755918
INTS13,0.07579449929359153
INTS14,0.12609995179759462
INTS3,0.2955780621519121
INTS4,0.08292869146921052
INTS6,0.10212969593314832
INTS8,0.12340516362347101
IP6K1,0.15634257150134248
IP6K2,0.18092677482243605
IPO7,0.49131268708365494
IPO8,0.15808478758522554
IPO9,0.30967249798118685
IQCE,0.12583626059241262
IQSEC1,0.20856060527959602
IREB2,0.15505001465323223
IRF1,0.11004824724762081
IRF2,0.10557133821009479
IRF2BP2,0.46775156608226676
IRF2BPL,0.17297376908192053
IRGQ,0.0910789059967864
ISCA1,0.08630039445035567
ISCU,0.1714202241139984
ISG20L2,0.18362913371648693
IST1,0.3267456825017394
ITCH,0.17806899940784213
ITFG1,0.1342095454193432
ITGA5,0.26246273096627065
ITGAV,0.43630932775098075
ITGB1BP1,0.112147830141926
ITSN2,0.11510405082620276
IVNS1ABP,0.31188019989812227
IWS1,0.13325650234690795
JAK1,0.5235063541780051
JARID2,0.11380376498528336
JOSD1,0.18010878147936138
JPT2,0.5589724380815515
KANK2,0.18875661086585158
KANSL1,0.16759612379217675
KANSL2,0.07379055004506181
KANSL3,0.21408638218952983
KARS1,0.32455924765608046
KAT2A,0.12583201060327553
KAT7,0.17387442571585845
KAT8,0.10743168282373655
KATNIP,0.10130655722749594
KBTBD2,0.1423912732337368
KCMF1,0.16418701993951101
KCTD10,0.19254081357364092
KCTD2,0.1289769285193969
KCTD20,0.2573839317598723
KDELR2,0.773890698003349
KDM1A,0.2589695298826137
KDM2B,0.07323478255003947
KDM3A,0.18113903924417582
KDM3B,0.29355301608170503
KDM4A,0.06049373847993869
KDM4B,0.367311676420435
KDM5A,0.21448845489192012
KDM5B,0.4517978676352853
KDM5C,0.36871853647150765
KDSR,0.1958299132086414
KHDC4,0.1385957006910473
KHDRBS1,0.4876309412838112
KHNYN,0.14805930297838465
KHSRP,0.39213151882452063
KIAA0232,0.19058298953949473
KIAA0319L,0.3355703573274134
KIAA0930,0.27100465212953495
KIAA1191,0.23623796462051874
KIAA1217,0.3916914796953952
KIAA1522,0.6008122121446298
KIF1C,0.3158915553284278
KIF2A,0.09893555554134013
KIF3B,0.25817720694167917
KIFAP3,0.13881067520509144
KLF10,0.196825146657674
KLF3,0.15608819526706533
KLHDC10,0.19446794427758876
KLHDC3,0.2725200135617484
KLHL12,0.16306056810795744
KLHL24,0.15348649238172626
KLHL36,0.10591361143850192
KLHL42,0.10214135955270186
KMT2A,0.19480044886147618
KMT2B,0.16108794390981568
KMT2D,0.28141074723989473
KMT2E,0.22696275863189694
KMT5B,0.1954217497593245
KPNA1,0.11874103719129141
KPNA4,0.2827746275351963
KPNA6,0.2242956341814617
KPNB1,0.6308203437083347
KRAS,0.13619454350536245
KRR1,0.09278047020004603
LAMP2,0.6749904682192154
LAMTOR1,0.22604504516159252
LAMTOR3,0.11524820223117534
LANCL1,0.19572769793278333
LAP3,0.32105598895151377
LAPTM4A,1.015726412680679
LAPTM5,0.2857918405930493
LARP1,0.5818911857374554
LARP4,0.17951347434271706
LARP4B,0.2310022885397139
LARP7,0.08469851392669374
LARS1,0.3263664808193586
LAS1L,0.14223972237092203
LCOR,0.13984437584699697
LCP1,0.40506206130459504
LDB1,0.2559097926046539
LDLRAP1,0.11073761687048483
LEMD2,0.12493404911239493
LENG8,0.26001294192566327
LEPROT,0.26182297802349913
LETM1,0.18700908906925687
LETMD1,0.11460165221873155
LGALS8,0.2292714500100451
LGMN,0.3164161213083967
LHFPL2,0.17959695945128026
LIG3,0.12317166202381985
LIMA1,0.3388854631663468
LIMK1,0.14110822831295022
LIMK2,0.21800545108317623
LIMS1,0.1726654942330072
LIN7C,0.09211976340767009
LIPA,0.2713811479433455
LMAN1,0.4826029003533993
LMBR1,0.1462462900985396
LMBR1L,0.056579464949578724
LMBRD1,0.13523930369904633
LNPEP,0.2348140747061694
LNPK,0.12775855876218098
LPCAT1,0.24970559049358507
LPP,0.4364528939050887
LRCH3,0.08612525920076886
LRPAP1,0.27774914082413865
LRPPRC,0.5171851943075106
LRRC41,0.24303466926771924
LRRC58,0.1738810927610112
LRRC8A,0.17418095425445726
LRRFIP1,0.40744352548353513
LRRFIP2,0.15820552086357015
LSG1,0.1301729515953779
LSM14A,0.39299138510110554
LSM14B,0.16690324207376248
LSM3,0.11571363283101369
LSM4,0.24047762877310536
LSM8,0.11585556070188005
LSS,0.14897615921015916
LTA4H,0.2097277083874927
LTBP3,0.35093437530584864
LTBR,0.25662006126828263
LUC7L,0.10649178175872333
LUC7L2,0.08295313058431493
LUC7L3,0.3293300041884453
LYPLA1,0.2582804534311614
LZIC,0.12978830900739582
MACO1,0.14924997268803172
MACROH2A1,0.49744999708357074
MADD,0.17393321224163602
MAEA,0.14244879646590733
MAGEF1,0.14910418729231337
MAGT1,0.31546192051044725
MAML1,0.15911139937584848
MAN1B1,0.2409012699372548
MAN2B1,0.17709221804048794
MAN2B2,0.2113059036087498
MANBA,0.13170469476577945
MANBAL,0.14114573177962514
MAP1LC3B,0.19895896149847495
MAP3K2,0.18751541157186458
MAP3K3,0.09273821812426769
MAP3K4,0.08346770648896693
MAP3K7,0.13286890245817978
MAP4K4,0.31237582032087907
MAP7D1,0.24690220096857976
MAPK1,0.3550739635328878
MAPK14,0.16945542376704373
MAPK1IP1L,0.21312279526369593
MAPK8,0.09448188835010314
MAPK9,0.15522260870931878
MAPKAP1,0.17474909472672062
MAPKAPK5,0.0910978106676349
MAPRE1,0.3982044095146619
MARCHF5,0.14044371326260974
MARCHF6,0.4589480473108211
MARCHF7,0.2185601983183657
MARCHF8,0.14393468587466823
MARCKS,0.5497802612021649
MARF1,0.24984970375199037
MARK2,0.23400940462870667
MARK3,0.16428270846176235
MARS1,0.23688549621226254
MAST2,0.20431633120269393
MAT2A,0.38173014991731546
MAT2B,0.16905426920897954
MAU2,0.1649333350359375
MAVS,0.3136036128362107
MAX,0.15380694274118722
MBD1,0.13374791098281907
MBD2,0.22272733868686734
MBD4,0.11459821101772566
MBNL1,0.3363585866394911
MBTPS1,0.42648811249881063
MCFD2,0.26690341700108067
MCM3,0.3399791865114029
MCM6,0.16792866574503099
MCM7,0.31620813270100107
MCMBP,0.1967455640293512
MCTS1,0.10905041174555534
MCUR1,0.11881499797609779
MDC1,0.11624705701735842
MDH1,0.3281223345819669
MDM4,0.14565398372686056
MEAF6,0.24594143790523879
MECP2,0.1742873693611682
MED12,0.17002773269901866
MED13,0.29132963547894725
MED13L,0.4332989277871123
MED14,0.17110751043419276
MED15,0.19881465863877057
MED22,0.09533955001988591
MED28,0.14520443339468223
MED29,0.20818809014169806
MEF2D,0.23272890188836273
MEPCE,0.17637509011679364
MESD,0.17695208073030388
METAP1,0.1206236099288842
METAP2,0.2030838715695038
METTL16,0.09796924115606773
METTL2A,0.06552703211461398
METTL9,0.24526402445269152
MFF,0.128013744592893
MFN2,0.30378909536820425
MFSD1,0.220218965996877
MFSD14B,0.18641887558466985
MGAT1,0.36176106220174076
MGAT4B,0.22960298381515426
MGAT5,0.1981897859818672
MGME1,0.07733108374819797
MGRN1,0.2370557235342545
MGST3,0.25185274874013747
MIA2,0.12426081358775407
MIA3,0.3187135275230285
MIB1,0.22631409521738113
MICU1,0.16057859258697205
MIDEAS,0.15749966898521767
MIDN,0.29919090030474826
MIEF1,0.11511743209996439
MIER1,0.12578773141294172
MINK1,0.1972359294576205
MIOS,0.09371329762919606
MKLN1,0.1191475891040584
MKNK1,0.05605796570965538
MKNK2,0.4606829308211794
MKRN1,0.37034470647755624
MKRN2,0.08141764110894589
MLEC,0.5814608339693055
MLF2,0.5306818812682382
MLLT1,0.20881333821229284
MLXIP,0.21168515427571022
MMS19,0.1572750802483087
MOB1A,0.4057381834512041
MOB3A,0.1352419331338176
MOGS,0.17407398863707252
MON1B,0.10018450550915069
MON2,0.14777747864744237
MORC2,0.15175972132607404
MORF4L1,0.5366495673661563
MOV10,0.1538044742045977
MPC2,0.1635482920336742
MPHOSPH10,0.12381905792686182
MPHOSPH8,0.14669238250047625
MPRIP,0.31807640121922964
MPV17,0.11784202061573189
MPZL1,0.5501454467908804
MRE11,0.07732915114089824
MRFAP1,0.7943486338347356
MRFAP1L1,0.206022957887828
MROH1,0.13566983421176018
MRPL19,0.13026622448512842
MRPL3,0.21897329105429836
MRPL30,0.09365180632269207
MRPL35,0.10888062945700903
MRPL42,0.13098908818564808
MRPL50,0.06007943458819576
MRPL51,0.2139477391587942
MRPS10,0.1235622074269973
MRPS14,0.08862241064855785
MRPS16,0.193569250878868
MRPS21,0.1799558803778718
MRPS23,0.1351676531299027
MRPS25,0.05885852576268044
MRPS27,0.1694309989194537
MRPS35,0.18531837207094207
MRPS5,0.09990734667968167
MRRF,0.07749485224925137
MRS2,0.09126840607997008
MRTFA,0.1261337172923304
MRTFB,0.28703005194187037
MSH2,0.12349869134114264
MSH6,0.20417576859412043
MSI2,0.32318978554676364
MSL2,0.11448747689267401
MSL3,0.07769430473518368
MTA2,0.2728403231767667
MTA3,0.1541780769852226
MTCH1,0.460321499137851
MTCH2,0.2532592766899465
MTDH,0.5441364125441217
MTHFD1,0.15587221553076921
MTHFD2,0.1889764592536349
MTIF2,0.10483831443933019
MTMR14,0.10771987587282791
MTMR4,0.16641746002508823
MTOR,0.1972200943005992
MTPN,0.4589855555215274
MTR,0.1709529437718583
MTREX,0.16003153272013274
MTX2,0.08435355443720204
MXD4,0.21051082493549966
MXRA7,0.15869391720476464
MYADM,0.3617719861029725
MYD88,0.16786784046992118
MYH10,0.22720266922918028
MYO1B,0.26534561726171835
MYO1E,0.13381194128177318
MYO6,0.5478040138104784
MYO9B,0.22750098169249966
MYOF,0.6239177631825302
N4BP1,0.1504739874623006
N4BP2L2,0.19631734603974632
NAA15,0.15694230400989817
NAA20,0.18477976539145807
NAA30,0.08252666392364115
NAA50,0.3928860504729068
NACC1,0.21212335866805987
NADSYN1,0.14892902631705357
NAGA,0.1410647729014111
NAGK,0.1773859075878237
NANS,0.1076249798704082
NAP1L4,0.3742253280764649
NAPG,0.08826005322219421
NARS1,0.4181241822815119
NASP,0.259880172432623
NAT10,0.2049410972908769
NAXD,0.12994060435296903
NBAS,0.16119549081484968
NBEAL2,0.19075411247756344
NBN,0.2660906056957454
NBR1,0.44458952891704046
NCAPD2,0.2461353263603432
NCBP1,0.13810527346308402
NCBP2,0.24651363931331316
NCBP3,0.11538500287887665
NCKAP1,0.5029430556507402
NCOA1,0.1947768867677637
NCOA3,0.19543785170874048
NCOA5,0.16055307151223605
NCOA6,0.21842723182745383
NCOR1,0.33402216089691994
NCOR2,0.48913978511198036
NCSTN,0.46393525822747644
NDC1,0.12749553948367806
NDFIP1,0.3927286646388116
NDRG3,0.1539685979941234
NDST1,0.4536191268891361
NDUFA10,0.24653416718955562
NDUFA5,0.18680069141400735
NDUFB4,0.2548008222224152
NDUFB5,0.17840996475367724
NDUFS1,0.24186298762667863
NDUFS2,0.36814999668863435
NDUFV3,0.11175080596570314
NECAP1,0.08521247413531796
NECAP2,0.1589580204065907
NEK6,0.1362719668333444
NEK9,0.21718382781269027
NELFCD,0.2862698203908836
NELFE,0.17122096999929054
NEPRO,0.10762256234080726
NET1,0.4629082682539169
NF1,0.269874596853326
NF2,0.11299941003519781
NFATC2IP,0.10954428496725975
NFE2L2,0.26785453598066644
NFIC,0.5141055963631354
NFKB1,0.17775349664011614
NFKBIA,0.32474519941963
NFRKB,0.08691012230296714
NFX1,0.1535333053849384
NFYA,0.13140295013225312
NFYC,0.12398173235772982
NGLY1,0.08091966095557868
NIPBL,0.26731226886209736
NISCH,0.2334217661119476
NIT2,0.1387669628875619
NKAPD1,0.08472707365659135
NMD3,0.15254566061451635
NMT1,0.27777554494251216
NOL10,0.07649311576720415
NOL11,0.16260445063930234
NOL6,0.1548273445982226
NOL7,0.12635246500035158
NOL8,0.11080154847779441
NOLC1,0.3452614882716328
NOP56,0.2703088136992736
NOP58,0.14103104257286936
NOTCH1,0.15383784110362886
NPC1,0.12232219038038243
NPC2,0.2587830734736829
NPEPPS,0.2435561677155898
NPLOC4,0.327168077071947
NPTN,0.3037771180280837
NR1D2,0.13756400324553456
NRBP1,0.31187133645299675
NRDC,0.34374819440109716
NRF1,0.04584606798312098
NSA2,0.2084496686017098
NSD1,0.29017537015773975
NSD2,0.2282224396933049
NSF,0.15096305561396456
NSFL1C,0.20812103262931195
NSL1,0.08513828862044504
NSRP1,0.09904950965023973
NSUN2,0.19517983426449953
NSUN4,0.07800163909998674
NT5DC1,0.10291993094089542
NUB1,0.18859078107055638
NUCB1,0.5874950222323914
NUCB2,0.41249490181074394
NUDCD3,0.29365534284474604
NUDT21,0.25480192893723574
NUDT4,0.1183674385771741
NUMB,0.166354590465891
NUP107,0.1348754515776754
NUP133,0.2113601289593679
NUP160,0.15819037354180907
NUP188,0.18716542603991054
NUP205,0.20245392025413778
NUP214,0.18314783035061774
NUP43,0.11518889207269264
NUP50,0.16663454148200604
NUP54,0.0927137648028367
NUP58,0.14166397124349947
NUP62,0.1896950560157319
NUP85,0.11479083051905174
NUP88,0.08107846006010924
NUP93,0.11656072792011564
NUP98,0.30994593344386817
NUS1,0.08479459169365623
NUTF2,0.21448539170450745
NVL,0.10470878106132042
NXF1,0.1994309167413619
OAZ2,0.21420639211941653
OCIAD1,0.3293224175555226
OCRL,0.15797927491041835
ODF2,0.15727040638429712
ODR4,0.1250530788013417
OFD1,0.11528017732298741
OGA,0.480817831517017
OGDH,0.3107352590919971
OGFOD1,0.08883791177297705
OGT,0.40198007285958964
OLA1,0.26932408664667823
OPA1,0.21891437970794356
OPTN,0.24625005430928754
ORC3,0.08011984228002447
ORC4,0.08140006028058969
OSBP,0.24410107422274396
OSBPL2,0.16360934382786582
OSBPL8,0.23003997827764808
OSBPL9,0.21665395514055688
OSER1,0.11737648753723166
OSGEP,0.06577620788774517
OSGIN2,0.131232749187241
OTUD5,0.18024463204952723
OTUD7B,0.20374698738068658
OXA1L,0.26182717078196127
OXSR1,0.14496378438112179
P4HA1,0.19860665412947037
PA2G4,0.2346939464659854
PABPC4,0.30544628176464483
PACS1,0.32880515247591113
PACS2,0.16561171876588263
PACSIN2,0.22601083823187162
PAFAH1B1,0.2971117692995959
PAFAH1B2,0.2733489672428059
PAIP1,0.16752567687766534
PAIP2,0.10564030132778462
PAK2,0.3763203859134709
PAN3,0.136576376510968
PANK3,0.3280254093223912
PAPOLA,0.5076327342305963
PAPSS1,0.2747076995460329
PARK7,0.4775232834399138
PARN,0.2050286980365662
PARP12,0.1250477290262548
PARP14,0.35047147256061056
PARP4,0.18634394501473628
PARP9,0.28491908641070046
PARVA,0.3311407458792501
PBRM1,0.1890651694861656
PBX2,0.12410764331728036
PBXIP1,0.39450320420231383
PCBP2,0.3812137945776051
PCCB,0.13400663972549343
PCF11,0.1424643062483147
PCGF3,0.11568918661487589
PCID2,0.09331831461582249
PCMTD1,0.26809310604761655
PCMTD2,0.19061185380592652
PCNA,0.2992921789421287
PCNP,0.2794305487400039
PCNT,0.12534833672547402
PCNX1,0.14793318105419812
PCNX4,0.13533881563915356
PCYOX1,0.36063802388256105
PCYT1A,0.16675199003572433
PDAP1,0.2711843950753125
PDCD11,0.156908913588913
PDCD2,0.12026500004351796
PDCD6IP,0.4342734180335715
PDCD7,0.05658792591905382
PDE12,0.09405038835525903
PDHX,0.10182266938457839
PDK3,0.20778680480439166
PDS5A,0.3798532733161691
PDS5B,0.1364637343171104
PDXDC1,0.572326177009946
PDXK,0.35638516253322455
PEBP1,0.8641143771806267
PEF1,0.17632622235744397
PEX13,0.12026844118204774
PEX19,0.19745231123293552
PEX2,0.14255458512062644
PEX26,0.13760232719196375
PFKL,0.43801342971670515
PGD,0.3707138533026031
PGM3,0.1053925435050382
PGRMC1,0.4021650236520999
PGRMC2,0.2726811704092098
PHACTR4,0.14893636582024364
PHAX,0.10576678068820602
PHB2,0.42754033093746785
PHC2,0.2744167529327984
PHC3,0.18881637259019252
PHF10,0.17036119747746997
PHF12,0.1681612486522629
PHF13,0.09735470894351311
PHF14,0.1496256533416774
PHF2,0.1592007040140599
PHF20,0.20025524631129704
PHF20L1,0.15731842784669173
PHF21A,0.11027880518601599
PHF3,0.2670268877978923
PHF8,0.14857569151675357
PHIP,0.2010760192620037
PHKB,0.2124022966577892
PHLDB1,0.1785985296433531
PI4K2A,0.07664096826869976
PI4KA,0.24841115586814935
PI4KB,0.2767276860999754
PIAS1,0.08984088621983588
PICALM,0.44791885205289306
PIEZO1,0.2835301584869282
PIGK,0.10977512082658485
PIGM,0.11389867876032288
PIGO,0.133143416149722
PIGX,0.10536873047608387
PIK3C2B,0.11375216332355367
PIK3CB,0.13781235480104737
PIK3R3,0.28304607314561503
PIK3R4,0.11452509710255271
PIP4K2A,0.10976408081547773
PIP4K2C,0.19467894680027498
PIP5K1A,0.22574587454604797
PITHD1,0.11586590826026046
PITPNA,0.22594014711820637
PITPNB,0.1698129154447101
PITRM1,0.17883332102870544
PJA2,0.3524462120105489
PKN1,0.33333080544137145
PKN2,0.146859213465409
PKNOX1,0.061604889734209085
PKP4,0.3085451953091099
PLA2G12A,0.09243401734508892
PLBD2,0.25881488834270533
PLCG1,0.2040047911662848
PLEKHB2,0.3207423479212084
PLEKHO1,0.12143433235526649
PLPBP,0.1718549517381587
PLRG1,0.12659990945053376
PLXNA1,0.18781599202501015
PLXNA3,0.17369268614800004
PLXND1,0.4067549848049615
PML,0.19413706007893397
PMP22,0.3266910970539894
PMPCB,0.144619838683376
PNISR,0.20658881792544945
PNMA1,0.12062077156580055
PNN,0.22508094350507057
PNPT1,0.09891397010441856
PNRC1,0.20070459306187285
PNRC2,0.2160393483617289
POFUT1,0.2393855450287001
POGK,0.30033638625491316
POGZ,0.34340642682381495
POLDIP2,0.312915216349342
POLDIP3,0.2470516335396429
POLE,0.13459042439918573
POLE3,0.18426586563516034
POLH,0.09047227191672687
POLR1A,0.17992880493588395
POLR1B,0.09981143319750035
POLR1D,0.19282530186844396
POLR2A,0.6533161297145305
POLR2C,0.135580089555563
POLR2D,0.08669491707540665
POLR2K,0.15047264746842004
POLR3A,0.09679653710603783
POLR3C,0.10816826950935463
POLR3E,0.10770134597312764
POMP,0.20729984493808185
PON2,0.16771492894202944
POU2F1,0.1071369908853807
PPA2,0.14660544521277258
PPCS,0.1596184219571338
PPFIA1,0.21406488250086272
PPHLN1,0.11483130869495482
PPIE,0.10599909330857331
PPIF,0.2542940000397357
PPIG,0.2168344877557481
PPIL2,0.10804527232871075
PPM1A,0.22166764272473588
PPM1F,0.08247232958094788
PPM1G,0.35098510568204616
PPP1CC,0.3675542181736647
PPP1R10,0.22929637637235295
PPP1R11,0.1850493846595376
PPP1R12A,0.17316776094937195
PPP1R15B,0.25611656980597514
PPP1R18,0.18036947085281693
PPP1R2,0.16761249115360405
PPP1R8,0.11385526321952692
PPP1R9B,0.18425563505564796
PPP2CA,0.34627789579826834
PPP2CB,0.19141279226711644
PPP2R2A,0.15322740973953802
PPP2R2D,0.08385829168722397
PPP2R5A,0.2679957438291709
PPP2R5C,0.297253621839863
PPP2R5E,0.15257545080390783
PPP3CB,0.16265835101012194
PPP3R1,0.10071833076422604
PPP4R1,0.19478771631553382
PPP4R2,0.1730431954412803
PPP4R3A,0.21523110766224762
PPP4R3B,0.3185942481346252
PPP6C,0.22710261798020687
PPP6R1,0.21139009882364349
PPP6R2,0.14408975978466865
PPP6R3,0.29516682655162263
PPRC1,0.1366741197434043
PRCC,0.2219312274811741
PRDM2,0.15242175708964692
PRDX2,0.3348287077812001
PRDX3,0.3953475794409219
PRELID3B,0.24508074716718406
PREP,0.11779674603046521
PREPL,0.1463422004573493
PRKAB1,0.08519831715881374
PRKACA,0.2769537346744427
PRKAG1,0.16202259936359273
PRKCI,0.13463470572192493
PRKD2,0.15188691981429472
PRMT2,0.22327138063590451
PRMT7,0.07828506347960208
PROSER1,0.12168054256671058
PRPF3,0.16333604189032186
PRPF38A,0.13680798767665367
PRPF38B,0.14561672105705722
PRPF39,0.07509560182731662
PRPF4,0.12151620984365896
PRPF40A,0.31802144355925255
PRPF4B,0.21973639501365183
PRPF6,0.4330294903885948
PRPSAP1,0.12563431200279476
PRR13,0.12875895856663647
PRRC1,0.27090223946469144
PRRC2A,0.850472905815705
PRRC2B,0.4456929281763962
PRUNE1,0.15334927292449524
PSEN1,0.24736437232215672
PSIP1,0.14539038697250783
PSMA3,0.19637884119429252
PSMA4,0.30930757893035793
PSMA5,0.24654052542209193
PSMB1,0.35481216297219603
PSMB2,0.2729490430486082
PSMB7,0.2804928329869518
PSMC2,0.23880550286439767
PSMC6,0.16286314073463756
PSMD1,0.3219470539085613
PSMD12,0.20857484139245902
PSMD13,0.30214371358849224
PSMD2,0.6137956499583909
PSMD5,0.1489797364736426
PSMD6,0.15091210290299423
PSME1,0.5010426665163518
PSME2,0.3237585963394178
PSME3,0.29045465670836623
PSME3IP1,0.1520172900166221
PSME4,0.3506625407296316
PSMF1,0.33996423244189866
PSMG2,0.13333835375246475
PTBP1,0.680666624614402
PTBP3,0.4027332188495014
PTCD3,0.14309073995908286
PTDSS1,0.2485247807122128
PTGES3,0.7976730093190074
PTK2,0.36227206570836806
PTPA,0.49009839862456206
PTPN11,0.35278955824218833
PTPN12,0.25807017301001567
PTPN18,0.2283470213256838
PTPN2,0.08111170487924306
PTPN23,0.17549093037133712
PTPN9,0.1237124937022462
PTPRA,0.27179928946200266
PUM1,0.2942732865147878
PUM2,0.4349204917428985
PUM3,0.09453040001425612
PURB,0.24279087967588675
PWP1,0.13582597687411518
PYGO2,0.2457684902715117
QARS1,0.4529343256905783
QKI,0.23040406204614555
QRICH1,0.18859529728047886
QSER1,0.16152499643202786
R3HDM1,0.10028173885976603
R3HDM2,0.08654377630390785
R3HDM4,0.20012159376142463
RAB10,0.4501059976654758
RAB14,0.3660189620317785
RAB18,0.2926649190406123
RAB1A,0.447179024494948
RAB21,0.19312309501829567
RAB22A,0.18182749484205146
RAB2A,0.4985791230403399
RAB35,0.1370460055323699
RAB3GAP1,0.18928911536176982
RAB3GAP2,0.1811181556786045
RAB4A,0.13158997867990313
RAB5A,0.1477037010494828
RAB5B,0.5453798404210058
RAB5C,0.12136389140459218
RAB7A,0.7140410773340624
RABEP1,0.2932892342819569
RABGAP1,0.19538181138524122
RABGAP1L,0.1451748809298499
RABGGTB,0.12429956620095342
RABL6,0.22006190996486083
RAC1,0.7899513400244742
RAD23B,0.5914055247263752
RAE1,0.1337367082074542
RALA,0.19679433126143933
RALB,0.1660113591554081
RALBP1,0.24286391964641751
RALY,0.3992236951753364
RAN,0.5913409902594468
RANBP10,0.07655300798207602
RANBP2,0.3784980848158191
RANBP3,0.1502870504471082
RANGAP1,0.3373554033328764
RAP1A,0.16840434622570372
RAP1B,0.12084377766053139
RAP1GDS1,0.14914804412629118
RAP2B,0.12016267942765964
RAPGEF1,0.2163945184446241
RARG,0.14650477868931253
RARS1,0.18879712483079647
RARS2,0.09099623800758119
RASSF3,0.126409414340394
RB1CC1,0.22516856714977407
RBBP5,0.11531426628575994
RBBP6,0.20445208785169225
RBCK1,0.22030931019671268
RBFOX2,0.2325988081671968
RBM12,0.2114906344435391
RBM14,0.13289544917665957
RBM15B,0.2055258654122135
RBM17,0.2032466998199401
RBM18,0.11368001765824406
RBM19,0.07161845245795558
RBM22,0.1357900512184437
RBM23,0.18758774782890456
RBM25,0.26981227708198086
RBM26,0.14859159948450057
RBM28,0.08769132567559745
RBM3,0.6354281065725299
RBM33,0.1185707208599718
RBM5,0.16175675654095487
RBM6,0.1780081132160486
RBM8A,0.18579789588475673
RBMS2,0.10232916429787045
RBMX,0.46259708289812274
RBPJ,0.22330856623630715
RBSN,0.09942917365865532
RBX1,0.1344223958979342
RC3H1,0.1113450865442427
RC3H2,0.15778021637727677
RCC2,0.43266029504375586
RCN2,0.16679704601709475
RCOR1,0.13435531454155802
RCOR3,0.16534651063570924
RDH11,0.16185796216186202
REEP3,0.18067141227148176
REEP5,0.6723976066834447
RELA,0.250770812477872
REPIN1,0.2962139669195988
REPS1,0.11510853017771741
RER1,0.2559177938044869
RERE,0.35748104062688624
REST,0.1522605548676103
RETREG2,0.35354442061948343
RETREG3,0.26528653250832324
RFC1,0.17373361365635925
RFWD3,0.107855363461699
RFX5,0.14000277238191783
RGL2,0.2742418064072499
RGS12,0.09249553655852004
RHBDD1,0.08651773061964065
RHBDD2,0.2508009313407345
RHEB,0.1682379655727424
RHOC,0.38429769462226837
RHOT1,0.11311085481400583
RIF1,0.19363690580216988
RIOK1,0.0678917553000049
RIPK1,0.13046935361253278
RIT1,0.0987838835445232
RLIM,0.2013395272018588
RMDN1,0.11802027366385177
RMND5A,0.22213646470522322
RMND5B,0.13715333083008355
RNF10,0.44015586274800816
RNF103,0.09614225719182887
RNF11,0.2736965041840305
RNF114,0.2524865642089433
RNF115,0.17969686985771322
RNF13,0.14704588140681993
RNF130,0.1755910743885918
RNF139,0.1579479264101116
RNF14,0.16642220033917904
RNF141,0.16565094598785204
RNF146,0.08686808753689826
RNF149,0.1490586774232744
RNF167,0.2537581268342161
RNF168,0.06747523325092274
RNF187,0.46141607417482805
RNF19A,0.22325950029520245
RNF20,0.17346695262169404
RNF216,0.15038762252955448
RNF220,0.10384575823926989
RNF24,0.12472702759489138
RNF34,0.0886808694483919
RNF4,0.1924937009145781
RNF41,0.1322637787708012
RNH1,0.3514590499847829
RNPEP,0.23477266888387716
RNPS1,0.3929039661815474
RPA1,0.2522326435805135
RPAP2,0.07325381052793407
RPAP3,0.0889649129145274
RPE,0.09304722517556567
RPL21,0.5144215722148636
RPL22,0.3428373721328455
RPL36AL,0.3395493597510047
RPL39,0.30455942347306286
RPL41,0.511069510538005
RPRD1A,0.17662176311642838
RPRD2,0.24125855889079598
RPS15A,0.1918378814882726
RPS23,0.3209191042762362
RPS27L,0.14116555330344296
RPTOR,0.10419711667441103
RRAGA,0.21037284383593477
RREB1,0.18102255446349116
RRM1,0.22236619450051273
RRM2B,0.13335170504145513
RRN3,0.178429696920761
RRP15,0.08371723913543201
RRP1B,0.1461631083815007
RRP36,0.11279434478069875
RSBN1L,0.10427527639822963
RSL1D1,0.5370301828556182
RSL24D1,0.21969764440864423
RSPRY1,0.1036369665664898
RSRC2,0.19368814405474408
RSU1,0.23541608292575034
RTCB,0.21691789777209816
RTF1,0.22965130150327615
RTF2,0.195179482057158
RTRAF,0.3107231819976628
RUFY1,0.15022044339245028
RUFY3,0.10563109081853767
RUNDC1,0.1250570026942859
RUNX1,0.49546709597194405
RWDD1,0.12367152560174786
RXRA,0.2599590005138364
RXRB,0.12077495578746812
RYBP,0.18796306974077226
RYK,0.1677690415251621
SACM1L,0.12759671059882405
SAE1,0.2647217044637997
SAFB,0.23818564041050005
SAFB2,0.12234776952163984
SAMD4B,0.29399401229570005
SAMD8,0.10449084867528606
SAMHD1,0.26219621576856034
SAP18,0.30599260902242065
SAP30BP,0.1486592069732863
SAP30L,0.11909514354213245
SAR1B,0.19658103671051358
SARS1,0.349489231167215
SART3,0.12550138631263183
SAYSD1,0.08326735106426005
SBDS,0.17852348696403467
SBF1,0.16320933262030995
SBNO1,0.17725253541675037
SCAF11,0.32111711033711726
SCAF4,0.11608794759450247
SCAF8,0.1172927616332326
SCAMP1,0.195654164052221
SCAMP2,0.296693511646497
SCAMP3,0.2570858871045724
SCAP,0.21625506614671317
SCFD1,0.15036742327265212
SCMH1,0.10550380903063482
SCYL2,0.17466678541653263
SDAD1,0.13686939583991228
SDC3,0.29993715576577906
SDF4,0.3229081247158365
SDHC,0.2053194902093149
SEC11A,0.2892339301459593
SEC11C,0.12759763287281226
SEC13,0.28296479087286314
SEC14L1,0.18607152086697268
SEC22C,0.13780001794194446
SEC23A,0.1529979874955995
SEC23B,0.270294103218925
SEC23IP,0.18234209251698186
SEC24B,0.137229025725757
SEC24D,0.24660974930307747
SEC31A,0.6425648898849622
SEC62,0.4403402461072718
SECISBP2,0.14359543096760766
SEH1L,0.09811448890013731
SEL1L,0.45309308010737015
SELENOF,0.3741050551566486
SELENOI,0.17322427196383566
SELENON,0.2739273325862394
SELENOT,0.2815754698129807
SELENOW,0.42695835292895995
SEM1,0.2049358720810058
SENP2,0.11756432132853971
SENP5,0.10133766415060019
SENP6,0.21681687802156455
SEPHS1,0.1883588709001597
SEPHS2,0.35265495528145197
SEPTIN11,0.3354429273401927
SEPTIN2,0.9923163404945129
SEPTIN7,0.4053972200841718
SEPTIN8,0.22007431491196952
SERBP1,0.7219721928187566
SERINC3,0.5221214375361996
SERP1,0.6449384572491158
SERPINB1,0.17043858977906154
SERPINB6,0.2758926759601771
SESTD1,0.1971883177320904
SETD1B,0.12951358031070187
SETD2,0.24255905627709648
SETD3,0.1740533252814451
SETD5,0.33300774214158957
SETX,0.26039176066587455
SF1,0.542952009254747
SF3A1,0.33543208069543035
SF3A3,0.2199156464168569
SF3B2,0.6400853534268788
SF3B3,0.4540251957773713
SF3B4,0.2974717733883252
SF3B6,0.1654787143302881
SFPQ,0.760975246800111
SFSWAP,0.11331604183061457
SFT2D2,0.26166857172100527
SFXN3,0.13117583435962946
SGPL1,0.30719532516623543
SGSM2,0.1315276675778424
SH3BP2,0.13676808147001765
SH3BP5L,0.13288043264018076
SH3GL1,0.18725389815285845
SH3GLB1,0.31421172766219696
SHC1,0.2636692307501153
SHISA5,0.46754705146554604
SHOC2,0.18468571063348208
SIAH2,0.24068636526956627
SIDT2,0.1594498706270616
SIK3,0.13314837175728814
SIKE1,0.09825320676012617
SIN3A,0.25085981102118604
SIN3B,0.1359023836034813
SIPA1L3,0.23109460881078983
SKI,0.24440842912358057
SKIV2L,0.14254010159303052
SKP1,0.4936308423907656
SLAIN2,0.17211822943634758
SLBP,0.12786766949437406
SLC11A2,0.20553945383784977
SLC15A4,0.07369322039601196
SLC20A1,0.19410400493825158
SLC20A2,0.16957260013034664
SLC25A12,0.07241231270027128
SLC25A16,0.07345234621201123
SLC25A36,0.17786581480985475
SLC25A44,0.13771668048993388
SLC25A46,0.12301813145997098
SLC30A1,0.17380149725802166
SLC30A5,0.12814682013009676
SLC30A6,0.10529436970756965
SLC30A7,0.12268582720693441
SLC30A9,0.2064974312482513
SLC31A1,0.174850515915054
SLC35A4,0.24923478681356126
SLC35C2,0.1563349141384249
SLC35E1,0.21416638889015197
SLC35E2B,0.14971756841934628
SLC35F5,0.23909205092843508
SLC35F6,0.22422520469817267
SLC37A3,0.10127721360298504
SLC38A10,0.3093799026774625
SLC39A10,0.10721446434430872
SLC39A7,0.526511186177645
SLC39A9,0.3416621158301745
SLC3A2,0.46515603064663885
SLC44A1,0.4594871691177372
SLC4A1AP,0.08487964740150584
SLC5A6,0.2897886473962623
SLC9A1,0.20202533073840517
SLF2,0.11239752617917724
SLK,0.24760066616056975
SLMAP,0.176466277032393
SLTM,0.25476525780088244
SLU7,0.14281598363536474
SMAD2,0.24923620995228074
SMAD3,0.1566525538867184
SMAD5,0.1877432912508705
SMAP2,0.14894481093453996
SMARCA2,0.41667711240405697
SMARCA4,0.43654990711079666
SMARCA5,0.3402260758621513
SMARCAL1,0.07714236758804006
SMARCB1,0.18666304088946617
SMARCC1,0.4528114698444503
SMARCC2,0.23619823400945264
SMARCD1,0.1608453903289143
SMC1A,0.37247009899462374
SMC3,0.21186122881872163
SMC5,0.11714062125002563
SMCHD1,0.17521121490356129
SMG1,0.37834487483424906
SMG5,0.35063475630346586
SMG7,0.3437492214564302
SMG9,0.09194691191277596
SMIM12,0.07739344259091079
SMIM15,0.14301056398273418
SMIM7,0.08350902553681655
SMNDC1,0.0823759205869704
SMS,0.29458769327824735
SMU1,0.2127956627057536
SMUG1,0.08007364132271744
SNAP29,0.12492642450869744
SNAP47,0.11187614218025732
SNAPC3,0.0926472272789636
SND1,0.6346195959007308
SNRK,0.08365974415272537
SNRNP200,0.8177736223349812
SNRNP40,0.10841953415935875
SNRNP70,0.40493851027277517
SNRPB2,0.1561483385122301
SNRPD1,0.13083873010586758
SNRPD3,0.13077740190624126
SNU13,0.27422768339785636
SNW1,0.14384933274095138
SNX1,0.33011426162407675
SNX12,0.16391990297582024
SNX13,0.1247755620415435
SNX14,0.15002523139361548
SNX17,0.2932449664735433
SNX19,0.23697235422144908
SNX2,0.1806701393178092
SNX27,0.18960394583234222
SNX33,0.12497406227679261
SNX5,0.2327544412756834
SNX6,0.16539399519512385
SNX9,0.22308987641021108
SOD1,0.5309076579751603
SOGA1,0.3349047513212597
SON,0.6847136227712998
SOS1,0.16401525354363536
SOS2,0.13264087167702657
SP1,0.3860061845970668
SP100,0.20455212461605563
SP3,0.3104383096865959
SPAG9,0.25173002636937264
SPAST,0.07331275042610778
SPCS1,0.25390986293211243
SPCS3,0.30375310038559405
SPECC1L,0.10247058762981091
SPEN,0.25936776149062285
SPG11,0.21189238494979504
SPG21,0.24419508066392098
SPG7,0.16416254249645443
SPIDR,0.17071607864564325
SPIN1,0.33056514907846435
SPOP,0.1884603371186147
SPPL2A,0.1726123239850981
SPPL3,0.17773571729070597
SPRING1,0.14844482402519696
SPTLC1,0.20619429797778827
SPTLC2,0.3778875723718072
SPTSSA,0.19153104202131216
SREBF2,0.3920287327183095
SREK1,0.19154806248600734
SRF,0.174213067345823
SRI,0.1759916308392766
SRP14,0.535462847181647
SRP54,0.1917614367078412
SRP68,0.2674472936270022
SRP72,0.3571375275507283
SRP9,0.5719173843476676
SRPK1,0.09579258863103933
SRPK2,0.17262933366884353
SRPRB,0.20484810349651447
SRRM1,0.22087165983104168
SRRT,0.2726887614866966
SRSF1,0.17265347761032807
SRSF10,0.26138024720753356
SRSF11,0.36549627825606934
SRSF2,0.2595084207549538
SRSF3,0.659655510740126
SRSF4,0.2205742873168976
SRSF5,0.4216529315546692
SRSF6,0.3662278258712824
SRSF7,0.2845781588741227
SS18,0.26317998773637663
SSB,0.19166845759393886
SSBP1,0.1625174099066265
SSBP3,0.164078662970924
SSH1,0.13607349148669337
SSR1,0.519260196389889
SSR3,0.5026991906040131
SSU72,0.30108056524916355
ST13,0.6254593320214794
ST3GAL1,0.30682568415093575
STAB1,0.13556071330874192
STAG2,0.3182699536650321
STAM2,0.11605433970402083
STAMBP,0.12466799580596061
STARD7,0.4453914630202347
STAT2,0.30091056116307924
STAT6,0.3699918564478501
STAU2,0.13992436129004168
STIM1,0.19493956243714072
STK25,0.18559297036513153
STK3,0.09774632859920371
STK35,0.15071568103207061
STK38,0.16795664294765458
STK38L,0.16328755869441236
STK4,0.1408255849159773
STK40,0.15087609073221828
STMP1,0.17395909433591486
STRIP1,0.0842537181843463
STRN,0.15252261890088176
STT3A,0.4688888545064359
STT3B,0.5303472808665995
STX12,0.15024942775691638
STX16,0.15855358361933705
STX17,0.10834427267501807
STX18,0.07902805185365144
STX3,0.1240930960816984
STX5,0.13595938833105703
STX6,0.16090773113526316
STX7,0.1504427426257475
SUCLA2,0.09052206804529746
SUCLG1,0.18019209330233477
SUCLG2,0.19032130246903314
SUCO,0.29578396517769096
SUDS3,0.19439178412862415
SUGP2,0.22397118534353425
SUGT1,0.1254360926645362
SUMF1,0.15508276952011674
SUMO1,0.2680357654337097
SUMO2,0.34137458756917205
SUMO3,0.31521039923050176
SUN1,0.29393659428213564
SUPT16H,0.425171504063968
SUPT6H,0.4126521048291799
SUPT7L,0.09592076822121127
SUPV3L1,0.07366590923891299
SURF4,0.6707667571495844
SUSD6,0.28101516236016016
SWAP70,0.208852175371651
SYF2,0.1294390015907886
SYMPK,0.2431254095111519
SYNCRIP,0.4628074126199082
SYNJ2BP,0.11755141832305534
SYNRG,0.1344158680324848
SYPL1,0.3574384980828645
SYS1,0.10835210744234855
SZRD1,0.22750103126636312
TAB2,0.2632083457850864
TADA2B,0.1228966365241906
TAF15,0.3193048655436348
TAF1D,0.09763720393483476
TAF5L,0.09979196769206428
TAF7,0.292186040242918
TAF8,0.07230444123045415
TAF9B,0.1030210760795314
TALDO1,0.4169450628108762
TAOK2,0.2039107175175454
TAOK3,0.12744277069673762
TARDBP,0.20795327932638505
TARS1,0.259939847310709
TASOR,0.2173510995900804
TBC1D10B,0.18436543170957778
TBC1D15,0.13184703717751034
TBC1D16,0.3151124049833373
TBC1D20,0.15904844122423709
TBC1D22A,0.07849168644143112
TBC1D23,0.10916834010889866
TBC1D24,0.08332211132129354
TBC1D5,0.17185504319336672
TBC1D9B,0.45054620205362833
TBCA,0.19114752915586292
TBCD,0.24870356466487495
TBK1,0.08781601289340348
TBL1X,0.14055991884340233
TBL2,0.1444810728442823
TCEA1,0.21977850074761324
TCERG1,0.13352149081998968
TCF12,0.2194914342300549
TCF25,0.19575989827054924
TCF3,0.21237402765204813
TCP1,0.4209328155991377
TCTN3,0.1499035648490498
TDP2,0.11151794875760934
TENT2,0.12427407898656508
TEP1,0.11327622843934361
TERF2IP,0.15286991659332047
TEX10,0.06552238785142812
TEX2,0.25494277436300855
TEX261,0.24230704880349058
TFAM,0.13050618093667907
TFDP1,0.23410779681609406
TFDP2,0.13202524879570593
TFG,0.31910460686555214
TGFBR1,0.20390090292384358
TGFBRAP1,0.10547899465339658
TGIF1,0.18375136183202398
TGOLN2,0.7639408193976464
THAP12,0.14904657651279588
THOC1,0.07130477186576188
THOC2,0.18658748871974612
THOC7,0.11163701582062314
THRA,0.12327953621198791
THRAP3,0.46846392746286125
THUMPD1,0.20709105875676462
THUMPD3,0.0910549884009439
TIA1,0.19930675797591357
TIAL1,0.1866461039115841
TIMM10B,0.08710160301533151
TIMM17A,0.18966642773371792
TIMM23,0.1399814698391612
TIMMDC1,0.1486025874788941
TINF2,0.14095119577044748
TIPRL,0.16283049625585433
TJP1,0.23507262500213064
TLE3,0.3553475705029867
TLE5,0.4194898488533179
TLK1,0.18807767473057607
TLK2,0.10128251568732878
TM2D3,0.09398455570005974
TM7SF3,0.1748512869440385
TM9SF3,0.6784521365504624
TM9SF4,0.30072947911945447
TMBIM1,0.3547066010846903
TMCC1,0.1255559506056741
TMCO1,0.3921116175579207
TMCO3,0.22503436737097224
TMED3,0.4180564298755676
TMED4,0.30285310950472905
TMED5,0.16814691055487974
TMED7,0.24882900025710344
TMED8,0.10920012643975252
TMED9,0.49470450901221774
TMEM106B,0.2080741080307426
TMEM106C,0.2252233593320706
TMEM109,0.32431056066237735
TMEM127,0.36499084052172276
TMEM131,0.20920950866518315
TMEM14B,0.09362022478247328
TMEM14C,0.23633826169130936
TMEM164,0.21661504520260821
TMEM165,0.2095820256982654
TMEM167A,0.25814333924133875
TMEM167B,0.1616464258436849
TMEM168,0.09130317353618726
TMEM181,0.21496400446105768
TMEM183A,0.12180780949095313
TMEM184B,0.24312668258063821
TMEM185B,0.14862378546601374
TMEM214,0.3280223679913618
TMEM219,0.29082600273594833
TMEM230,0.2919306765236492
TMEM245,0.207944959235444
TMEM248,0.389423717961144
TMEM263,0.1936158067150461
TMEM268,0.1342206390859976
TMEM30A,0.4747876213871414
TMEM33,0.2082122350392101
TMEM39A,0.09322319362467832
TMEM41A,0.08861257282660917
TMEM43,0.2217343810174821
TMEM50A,0.33129379069313525
TMEM50B,0.13516158360852804
TMEM59,0.7776334427145086
TMEM63A,0.24133641069583708
TMEM63B,0.19576462235348926
TMEM87A,0.2528993522872551
TMEM87B,0.19668640230276918
TMEM9,0.356743649003647
TMEM9B,0.1742840113384269
TMOD3,0.1743453341481729
TMPO,0.2626624320767712
TMTC3,0.10698256786755019
TMX1,0.1378167191005813
TMX3,0.13093574904194227
TNFAIP1,0.167584388983704
TNFRSF1A,0.30609089774990333
TNIP1,0.31822331103865
TNK2,0.18491750941355886
TNKS,0.14634175335225252
TNKS1BP1,0.6117952654966576
TNKS2,0.19935700475114115
TNPO1,0.3263306491945211
TNPO2,0.23528523775661733
TNPO3,0.19474437993198115
TNRC18,0.40999170764119114
TNRC6A,0.16277438558961838
TNRC6B,0.11090817914060265
TNS3,0.3387948324515578
TOB2,0.20408199408994915
TOM1L2,0.17907535257414278
TOMM70,0.29046314262153095
TOP1,0.3000081664693536
TOP2B,0.5396141457513408
TOP3A,0.0863858869956804
TOPBP1,0.14160892091059007
TOR1A,0.11701802283759664
TOR1AIP1,0.2169631014197988
TOR1AIP2,0.23859575674166747
TOR1B,0.07963769077906946
TOR3A,0.17997881598458038
TOX4,0.20505273035404512
TP53I11,0.43630636165644915
TPD52L2,0.3500175782788995
TPGS2,0.17143461452472888
TPP1,0.3440457739975684
TPP2,0.14494630507970244
TPR,0.46454243082375835
TPRG1L,0.17058247305935534
TRA2A,0.18659939109316045
TRA2B,0.3213454381222134
TRAF3IP2,0.09488238491008107
TRAK1,0.2083436295262684
TRAK2,0.17843356858355858
TRAM1,0.6519223146838176
TRAM2,0.14394621708175942
TRAPPC11,0.11958322442111778
TRAPPC12,0.09684232746488568
TRAPPC3,0.1473529994242527
TRAPPC9,0.1529029034423325
TRIB1,0.2821339697158559
TRIM24,0.1308271136269447
TRIM25,0.1308815966514346
TRIM26,0.2143177650154514
TRIM27,0.19451124510383516
TRIM41,0.07413812265208942
TRIM44,0.3273957149032141
TRIM56,0.20889976076068634
TRIM69,0.09419870397732982
TRIM8,0.277761108673642
TRIOBP,0.17580839577104046
TRIP11,0.17252663597430756
TRIP12,0.5291935501327931
TRIP4,0.07151602361953556
TRMT5,0.05550542299213934
TRRAP,0.24238385067550883
TSC1,0.10164225810620087
TSC2,0.2355275186497539
TSC22D1,0.5051024383861022
TSC22D3,0.4281561839338012
TSG101,0.19195065433842323
TSN,0.2622212980064602
TSNAX,0.11909499614337489
TSPYL1,0.2727149122184465
TSR1,0.09364447555570216
TTC1,0.12410128649791852
TTC17,0.2327923853680767
TTC19,0.14151109769123923
TTC27,0.0635885273555889
TTC31,0.06069604568720734
TTC37,0.23406400643761407
TTI1,0.09396110395321902
TTL,0.09802578984277757
TTYH3,0.27058931990023455
TUBB4B,0.6454319266337384
TUBGCP2,0.17930007866653386
TUBGCP6,0.10016791133391612
TUG1,0.3253804572758958
TULP3,0.07593190915716774
TULP4,0.16716337506975903
TUT7,0.11558664479063145
TWF1,0.1873896906341503
TXLNA,0.2756021632315085
TXNDC11,0.16292852621017617
TXNDC15,0.1447335435721974
TXNL1,0.20024782357383572
TXNL4A,0.13815530643770546
TXNRD1,0.2272076781760569
TYK2,0.1639810321063553
TYW1,0.06169542055802311
U2AF2,0.38097698488717896
U2SURP,0.2689890071332303
UACA,0.18765709820734922
UAP1,0.29483056252628154
UBA2,0.2889553553624099
UBA3,0.11554764056067499
UBA6,0.14277363411347627
UBAC2,0.19016862417257077
UBAP1,0.1536895621259378
UBAP2,0.1362394116002109
UBAP2L,0.5709159140506305
UBE2A,0.18061358613792486
UBE2B,0.15219281693920095
UBE2D2,0.22258834368912792
UBE2D3,0.6383082703608048
UBE2G1,0.13248842790114615
UBE2G2,0.21992639216355292
UBE2H,0.5259234758551558
UBE2I,0.19269641362779322
UBE2J2,0.10733655706956201
UBE2K,0.2646413907181844
UBE2L3,0.23587211761262494
UBE2L6,0.2963054364939248
UBE2N,0.2389481720007844
UBE2Q1,0.24521084304839916
UBE2R2,0.2716771856293531
UBE2V2,0.16990037669441055
UBE2W,0.10845696715578262
UBE3A,0.2408923451207272
UBE3B,0.16754045849274904
UBE3C,0.27931072140866736
UBE4B,0.16126646285636925
UBFD1,0.23896268318185862
UBL3,0.18044727494822235
UBL5,0.26436271581743614
UBN1,0.22490872851700475
UBP1,0.25572389094533265
UBQLN1,0.4010306045033908
UBQLN2,0.15959830931643645
UBQLN4,0.19819981125472058
UBR2,0.18904273251353396
UBR3,0.1535488747657464
UBR4,0.4296262640757116
UBR5,0.44457970171590383
UBR7,0.14249147667818668
UBTF,0.3720406086682355
UBXN4,0.4278380107810519
UBXN7,0.1538769210193353
UCHL5,0.1156535438514185
UCK2,0.1050614286133276
UFC1,0.29852483575606187
UFD1,0.0885771681296185
UFM1,0.18845555031524194
UGGT1,0.2874545657685534
UGP2,0.3188645480713848
UHMK1,0.543340575807012
UHRF2,0.10030016242253159
UMPS,0.09850307141266056
UNC13B,0.14985167598938537
UPF1,0.3433750613492412
UPF2,0.14371541219648376
UPF3A,0.07826819922158623
UQCC1,0.10377646697293014
UQCRB,0.3442336053180927
UQCRC2,0.42275978338042214
URGCP,0.10420895244496045
UROS,0.09722576029774162
USF2,0.29212513520903793
USO1,0.281677054434533
USP1,0.17968907793803052
USP10,0.1917391962381842
USP14,0.2908375968462737
USP15,0.11767691578644998
USP16,0.13049883002121485
USP19,0.17034597480161498
USP24,0.2276307789565466
USP33,0.18913490708465017
USP36,0.16797539554855836
USP38,0.11523058043376122
USP39,0.16229001734986892
USP4,0.1732951745054682
USP40,0.11865915856949276
USP48,0.1561241830054755
USP7,0.45237044571258067
USP8,0.11407887845054819
USP9X,0.5109015663016419
UTP11,0.08038089061135188
UTP25,0.10827594714447854
UTP4,0.10107629047093503
UTP6,0.11457995057972854
UTRN,0.30326214836449417
UVRAG,0.11098647671757317
UXS1,0.09095923707658982
VAC14,0.1048476857186736
VAMP3,0.23208313217574789
VAPA,0.4165148475546179
VAPB,0.2311491518674781
VARS1,0.24582743043283034
VASP,0.2670916701477077
VCPIP1,0.13835457642385432
VDAC1,0.533276303003406
VEZF1,0.21046104255233128
VEZT,0.1870259263400586
VHL,0.11774850870444609
VIRMA,0.3178347903580378
VKORC1L1,0.2107865934970972
VMA21,0.1308407068328274
VOPP1,0.1398839614884793
VPS13D,0.24593881786572583
VPS26B,0.15520215304872592
VPS26C,0.12163408069624564
VPS29,0.1285115134721826
VPS35,0.4098925930837362
VPS35L,0.16097848407972404
VPS36,0.11730605387208178
VPS39,0.20674366168928812
VPS41,0.15784038213983714
VPS45,0.1433424603598835
VPS4B,0.18403131982446322
VPS53,0.10565752436785313
VPS8,0.11130466886310021
VTA1,0.132720194593595
VTI1B,0.08557346318849882
WAC,0.41724089261988856
WAPL,0.21316823711622415
WASF2,0.44485113304853896
WASHC2C,0.0856190043182402
WASHC4,0.13195159501955642
WASHC5,0.22724650587869538
WASL,0.23193134125788956
WBP1L,0.24877084292366716
WDFY1,0.11515688812360095
WDFY3,0.17500949251080172
WDR1,0.787465951850765
WDR12,0.0735761349399087
WDR26,0.4443849194425001
WDR33,0.169059248832184
WDR41,0.08890379228278401
WDR43,0.13226035173782844
WDR45B,0.2781489161499015
WDR48,0.13201630490671384
WDR5,0.12823264188709052
WDR59,0.07295124564718589
WDR6,0.30832151537981345
WDR61,0.11684871179513909
WDR70,0.07571572665262703
WDR75,0.1200176538963417
WDR82,0.348352096683169
WDTC1,0.23063953252381678
WIPI2,0.21313509568704117
WIZ,0.1780084394568379
WRNIP1,0.15304366765126243
WSB1,0.18281891746713108
WSB2,0.1778699104618164
WTAP,0.18081291018094436
WWC3,0.1836295583236816
WWP2,0.1596012413398491
WWTR1,0.20732859745204413
XIAP,0.20257414281638408
XPNPEP1,0.11106680279066201
XPO1,0.44040384719147097
XPO4,0.08956454561978486
XPO5,0.1772797793496595
XPO6,0.2851017752736845
XPO7,0.21335497788542143
XRCC5,0.9413176535093055
XRCC6,0.7790775522148855
XRN2,0.3004451081937906
YAP1,0.23806595312022405
YARS1,0.23849665227926475
YEATS2,0.11123185311475817
YIPF1,0.13125787930490845
YIPF3,0.3172199280986986
YIPF4,0.1564690764212917
YIPF5,0.1469940658629949
YIPF6,0.21057076737725
YKT6,0.28275140636658697
YLPM1,0.2129040316943988
YME1L1,0.483266629326488
YPEL5,0.23618576173837666
YTHDC1,0.22765389218617066
YTHDF1,0.20674785117147232
YTHDF2,0.23853458176638118
YTHDF3,0.2503467231356805
YWHAH,0.3968508649602923
YY1,0.30587708863700586
YY1AP1,0.1415444408096783
ZADH2,0.11274935330968154
ZBED1,0.1841249865534837
ZBED5,0.09926744347000174
ZBTB4,0.2916826589189617
ZBTB40,0.09839554186376591
ZBTB44,0.15613444513086744
ZBTB7A,0.1504603058936498
ZBTB7B,0.2854437098257304
ZC3H13,0.22925186741062195
ZC3H14,0.12326129000798623
ZC3H15,0.1841774244693598
ZC3H4,0.13402834680148423
ZC3H7B,0.28680064760734664
ZC3HAV1,0.173445099800827
ZCCHC14,0.11299887599085588
ZCCHC7,0.069092298347298
ZCRB1,0.13003989658254647
ZDHHC16,0.10389649528116564
ZDHHC20,0.19849259581627796
ZDHHC3,0.1713740555259804
ZDHHC6,0.10413338458684844
ZDHHC7,0.1563467869832397
ZDHHC9,0.2012095088127909
ZFAND3,0.23620394644651954
ZFAND5,0.35949369770343426
ZFC3H1,0.10644741933314057
ZFP62,0.08876111032804775
ZFP91,0.20955703144758897
ZFR,0.28076429625463817
ZFX,0.15881677173632075
ZFYVE1,0.07958166942516968
ZFYVE26,0.11458213887520698
ZHX1,0.13743732405879186
ZKSCAN1,0.46701842703180957
ZMAT2,0.21440636923812437
ZMIZ2,0.29271070830707097
ZMPSTE24,0.2515471943290589
ZMYM2,0.25089308663150084
ZMYM3,0.12532615137130843
ZMYM4,0.2167219382177839
ZMYND11,0.3307496641337138
ZMYND8,0.20597858144357883
ZNF12,0.09494831737626137
ZNF121,0.0952593234832019
ZNF142,0.08213597001813151
ZNF146,0.32370746655082466
ZNF148,0.16314457042654149
ZNF207,0.3268418283164705
ZNF251,0.06674593087906393
ZNF3,0.10557548332504084
ZNF317,0.09177083949810316
ZNF318,0.10739574926019718
ZNF335,0.075562563582356
ZNF33A,0.16499376716576145
ZNF362,0.09956110775567573
ZNF395,0.13848457234896558
ZNF397,0.09251417024878114
ZNF451,0.09506940420095578
ZNF496,0.12228402569780325
ZNF561,0.10160941914166306
ZNF562,0.09123058782320785
ZNF592,0.1440922683736654
ZNF609,0.18537119707414362
ZNF623,0.14397733545428806
ZNF638,0.34367940593711865
ZNF644,0.13631217041843136
ZNF664,0.4958224556854429
ZNF687,0.15964187297084803
ZNF7,0.06297105844411131
ZNF706,0.2052930994077569
ZNF740,0.11458596513637531
ZNF766,0.07788235129742846
ZNF791,0.0885350684041603
ZNF83,0.11789965457963762
ZNF84,0.10122869474982693
ZNFX1,0.2769164084718708
ZNHIT1,0.16720925974698556
ZNHIT6,0.07856685568450686
ZRANB2,0.16497933285971783
ZSWIM8,0.1120179216844206
ZXDC,0.08388974653874451
ZYG11B,0.11349765266551823
ZYX,0.39601873567620666
ZZEF1,0.15583415570458561
