AACS,0
AAGAB,0.0004555
AAK1,0
AARS1,9.83E-05
AATF,0.000766508
ABCC1,0.000238059
ABCD3,0.000701173
ABCD4,5.18E-05
ABCE1,0.000240383
ABCF1,0.000143829
ABHD12,9.24E-05
ABHD5,0.000536166
ABI1,3.85E-05
ABI2,7.42E-05
ABL1,0.000467867
ABL2,0.000227411
ABR,3.53E-05
ACACA,0.000175527
ACAD9,0.000399897
ACAP2,0
ACAT1,0.000180713
ACBD3,0.000627362
ACBD6,0
ACIN1,0.000545697
ACO1,0.000543365
ACOX1,0.002322068
ACP1,0.000258801
ACTL6A,0.00025784
ACTR10,0
ACTR1A,0
ACTR1B,0
ACTR2,0.00034742
ACTR3,0.000218207
ACVR1B,0.000600273
ADAM10,0.000330813
ADD1,1.45E-05
ADH5,0
ADI1,6.96E-05
ADIPOR1,0.000203295
ADNP,0.000502306
ADO,0
ADPGK,0.000334608
ADSS2,0.000718832
AFF4,0.000143458
AFTPH,0.000246886
AGAP1,0.000641333
AGAP3,0.000505918
AGFG1,0.000658498
AGO1,0.000522675
AGO2,0.000195256
AGPAT3,0.000657974
AHCTF1,0.000434915
AHCY,0.000160098
AHCYL1,0
AIFM1,0.000231371
AIG1,0.00034325
AK2,0.000248444
AK3,0.000311735
AKAP1,0.000430996
AKAP11,0.000201642
AKAP8,0.000734751
AKIRIN2,0.000905447
AKT1,0.000654395
AKT2,0.000262632
ALAD,0.000615899
ALAS1,0.000537314
ALDH18A1,0
ALDH9A1,8.47E-05
ALG2,0.000695208
ALKBH5,0.000117065
ALMS1,0
ALS2,0.000136576
AMBRA1,0.000129035
AMD1,0.000559871
AMFR,0
AMMECR1L,0.00025134
AMOTL2,0.001698604
ANAPC16,0.00027685
ANAPC4,0.000651727
ANAPC5,0
ANAPC7,0
ANGEL2,0.000598822
ANKIB1,7.12E-05
ANKLE2,0.000602805
ANKRD10,0.000464967
ANKRD11,0.000875387
ANKRD12,0
ANKRD13A,6.33E-05
ANKRD17,0.000167356
ANKRD27,0.000301326
ANKRD28,0.000369743
ANKRD52,0.000879429
ANKS1A,0.000378155
ANKZF1,0.000880032
ANO10,0
ANO6,0.001889532
ANP32A,0
ANP32B,0.000331992
ANXA11,7.15E-05
ANXA4,0
ANXA7,0.000140865
AP1B1,0.000256975
AP1G1,0.000698371
AP2A1,0
AP2A2,0.000691218
AP3B1,0.000559649
AP3D1,0.000705015
AP5M1,0.000419505
APBB2,5.51E-05
API5,0.000739911
APPBP2,0.0006129
APPL1,0
APPL2,0.000403792
AQR,0.000483469
ARAP1,3.32E-05
ARCN1,0
AREL1,0.000188613
ARF3,0.000156504
ARFGAP1,0.001295538
ARFGAP2,0.00026767
ARFGEF1,0.000824012
ARFIP2,0.000468887
ARGLU1,0.002553534
ARHGAP1,0.000202849
ARHGAP17,0
ARHGAP18,0
ARHGAP35,0.000218338
ARHGEF1,0.000466408
ARHGEF10L,0.000675134
ARHGEF11,0.001110328
ARHGEF2,0.001048045
ARHGEF3,0.000137416
ARHGEF7,0.000574613
ARID1A,0
ARID1B,0.000496473
ARID2,0
ARID4B,0.000148532
ARIH1,0.000625483
ARIH2,0
ARL1,3.99E-06
ARL5A,0.000289809
ARL6IP1,0
ARL6IP5,0.000215851
ARL8A,9.00E-05
ARL8B,0
ARMC10,0.000321271
ARMC8,0.000139059
ARMH3,0.00029189
ARNT,0
ARPC2,0.000141589
ARPC3,0
ARPC4,0.000119237
ARPC5,0.0001228
ARRB2,0.000477106
ARRDC3,0.000287601
ASAP3,6.42E-06
ASB13,0.000536085
ASCC2,0.000392751
ASCC3,0
ASH1L,0.000230243
ASXL1,8.21E-05
ATF2,8.15E-05
ATF4,0.000443258
ATF6,0.000829575
ATF6B,0.000573598
ATF7,0.000513851
ATF7IP,0
ATG12,0.00066944
ATG13,0.000156725
ATG16L1,0.000406433
ATG2B,0
ATG3,0.000206834
ATG4B,0
ATG5,0.000471694
ATG7,0.000505678
ATIC,0
ATL2,0.000155591
ATL3,0.000334772
ATMIN,0.000201092
ATN1,0.001224123
ATOX1,0.000534826
ATP13A3,0.000259448
ATP2C1,9.81E-05
ATP5F1C,0.000422394
ATP5IF1,0.000361055
ATP5MC2,0.000276309
ATP5PB,0
ATP5PF,0
ATP6AP1,0.000568834
ATP6AP2,5.58E-05
ATP6V0A1,0.001157917
ATP6V0B,0.000447721
ATP6V0D1,0.000486039
ATP6V0E1,0
ATP6V1A,0.000170784
ATP6V1C1,0.000765997
ATP6V1D,0
ATP6V1E1,8.16E-05
ATP6V1G1,0
ATP6V1H,0.000602866
ATPAF1,0.000781006
ATRAID,0.000453434
ATRN,7.27E-05
ATRX,0.000759157
ATXN10,0
ATXN2,0.00037833
ATXN2L,0.000105894
ATXN7L3,0.000358528
AUP1,0.000275446
AUTS2,0.001189726
AVL9,0.000296678
AZIN1,0
B3GNT2,0.000400446
B4GALT3,0.000655723
B4GALT5,0.00032732
BABAM2,0.00069313
BAG1,0.000306973
BAG3,0
BAG5,0.000221952
BAG6,1.18E-05
BAP1,0.000521771
BAZ1B,0.000271074
BAZ2A,0.000937858
BCCIP,0.000716871
BCL10,0.000306187
BCL2L1,0.000452663
BCL2L13,1.23E-05
BCL2L2,0.00053388
BCL9,0.000640604
BCLAF1,0.000476777
BCR,0.0002397
BFAR,0.000433153
BICD2,7.44E-05
BIRC2,0.00163199
BIRC6,2.91E-05
BLOC1S6,0.000972012
BMPR2,0.000134597
BMS1,0
BNIP2,0.001806972
BNIP3L,0
BOD1,0.000258679
BPNT2,0.000217966
BRAF,0.000641513
BRAP,0
BRD1,0
BRD2,0.000206823
BRD4,0.000140821
BRD7,0.000565708
BRD8,7.19E-05
BRD9,0.000303579
BRI3,0.000387228
BROX,3.55E-05
BRPF3,0.000197074
BRWD1,0.000342634
BSDC1,0.000233433
BTBD1,0.0006097
BTBD7,0.000710349
BTBD9,7.70E-05
BTD,0.000433156
BTF3L4,0.000217766
BTG1,0.000492107
BTRC,0.000335806
BUD23,7.25E-05
BZW2,0
C11orf58,0.000384486
C14orf119,0
C16orf72,0.000483252
C1QBP,0.000359754
C1orf198,0.000160868
C1orf43,0.000144256
C2CD3,0.000254515
C2CD5,0
C2orf68,0.000201623
C4orf3,0.000566713
C5orf15,0.000143025
C5orf24,0.000594273
C5orf51,0.000911153
C6orf62,0.000223802
C6orf89,0.000299117
C8orf33,0.000482782
C9orf78,5.02E-05
CAB39,0.000133083
CABIN1,0.000703419
CACUL1,0.000904907
CACYBP,0.000293785
CAD,0.000257469
CALCOCO1,0.000169684
CALM1,0.001224632
CALM3,0.000382214
CAMK2G,0.000448483
CAMKK2,0.001030812
CAMLG,7.77E-05
CAMSAP1,0.000121482
CAPN7,0.000267921
CAPZA1,0.000555923
CAPZB,0
CARD8,1.39E-05
CARS1,0.000501164
CARS2,0.001175209
CASP2,7.37E-05
CASP3,0
CAST,0
CAT,0.000701604
CBFA2T2,0.000275476
CBLL1,0.000541743
CBX5,0.000222738
CC2D1B,6.92E-05
CCAR1,6.89E-05
CCAR2,0.000589103
CCDC47,0.00027723
CCDC50,0.002937815
CCDC59,0.000149782
CCDC90B,0.000207446
CCDC92,1.75E-05
CCM2,0.000310074
CCNC,0.000457141
CCNG2,0
CCNL1,0.001051866
CCNL2,0.00049433
CCNT1,0.000603851
CCNT2,0.000318014
CCNY,0.00043068
CCSER2,0.000121682
CCT4,0.000177803
CCT7,0.000544331
CCT8,0.000138824
CD151,6.27E-05
CD276,0.000164691
CD47,0.000202206
CD99L2,0.001068245
CDC16,0.001061546
CDC27,0
CDC37,0.000112888
CDC42,5.18E-05
CDC42SE1,0.000359761
CDC42SE2,0.000575934
CDC5L,0.000603227
CDC73,0.000468616
CDIPT,0.000501506
CDK13,0
CDK2,0.000320316
CDK2AP1,3.76E-05
CDK5RAP1,0.000255538
CDK5RAP2,0.000113705
CDK9,0.00015185
CDR2,0
CDS2,0.000326617
CEBPG,0.000302148
CELF1,0.000102303
CEP104,0.000422943
CEP350,7.06E-05
CEP57,0.000282193
CEP63,0.000191281
CEP68,0.001768047
CEP89,9.54E-05
CERS5,0.000402337
CERT1,0.00574939
CETN2,0.000242552
CFAP36,0.000599456
CFLAR,0.001019318
CGGBP1,0.000905267
CHCHD3,0
CHD1,7.52E-05
CHD2,0
CHD3,0.000468263
CHD6,0.000171599
CHD8,5.23E-05
CHMP1B,0.000203052
CHMP2B,0.000203977
CHMP3,0.001816143
CHMP4B,0.00013121
CHMP5,0.000330478
CHMP7,0.000518256
CHP1,0
CHPF2,0
CHSY1,0.000248574
CHTOP,0.000496851
CIAO1,0.000491282
CIAO2A,0.001027546
CILK1,0.000248727
CIR1,0.000555747
CITED2,0.000526285
CIZ1,0.000221229
CKAP4,0.000111744
CKAP5,0.001193396
CLASP1,6.20E-05
CLASP2,0
CLCN3,6.61E-05
CLDN12,0.000223474
CLDND1,0.000420659
CLEC16A,0.000159119
CLIC1,0.000146065
CLINT1,0.00041855
CLIP1,0.000930752
CLK1,0.000369932
CLK2,0.000593568
CLK3,3.86E-05
CLOCK,0.0002276
CLPTM1,0.000317349
CLPX,0.00053885
CLTA,0.000367693
CMIP,0.000211532
CMPK1,0.000405995
CMSS1,0.000176441
CMTM3,0.00069431
CMTM6,0.000711141
CMTR1,0
CNDP2,0.000109478
CNIH1,9.93E-05
CNN2,0.001185957
CNNM3,0.000412351
CNOT10,0.000148804
CNOT11,0.000229093
CNOT2,0.000445285
CNOT4,0
CNOT6,0.000764576
CNOT6L,9.45E-05
CNOT7,0.000272467
CNOT8,0.000258367
CNOT9,0.000477
CNP,0
COA1,0.000666151
COA5,0.000344477
COG1,0.000699699
COG3,0.000266214
COG4,0.000418135
COIL,0
COLGALT1,0.000149264
COMMD2,0.00039672
COMT,0.00048879
COP1,0.000255534
COPB1,0
COPB2,0.000814032
COPG2,0.000235775
COPS5,0.000210245
COPS6,6.96E-05
COPS7A,0.000288921
COPS7B,0.000463084
COPS8,0.000505569
COPZ1,0
COQ4,0
CORO1C,0.000295439
COX11,0.000232429
COX15,0.000128949
COX6B1,0
COX7A2,0.000239032
COX7A2L,0
COX7B,0.000233365
COX7C,0
CPSF1,0.000115366
CPSF2,0
CPSF3,7.99E-05
CPSF6,0.000146914
CPSF7,0.000343786
CPT1A,0.000374001
CRCP,0.000466278
CREB1,0.000559202
CREB3L2,0.000349428
CREBBP,0.000413693
CREBL2,0.000238787
CREBZF,0
CREG1,0.000349447
CRIPT,0.000154337
CRK,0.000784338
CRKL,0.000281457
CRNKL1,0.000552445
CRTAP,0.000353041
CRTC3,9.43E-05
CRY2,0.000603598
CS,0.000718074
CSK,6.23E-05
CSNK1A1,0.00093847
CSNK1D,0.00051082
CSNK1E,0.000121648
CSNK1G3,0.000132278
CSNK2A1,0
CSNK2A2,0.00025428
CSRNP2,0.000522637
CSTF1,5.32E-05
CTBP1,0.000136413
CTCF,0.000436499
CTDSP1,0.000594256
CTDSPL,8.08E-05
CTDSPL2,0.000360909
CTIF,0.000162146
CTNNA1,0.000498054
CTNNBL1,0.000361953
CTR9,0.001876608
CTSA,0.000488964
CTSC,0.000193314
CTSH,0.000333755
CTSL,0.00035536
CTSS,0.001032216
CUL1,0.000223684
CUL2,0.000656858
CUL4A,0.000217054
CUL4B,0.000530796
CUL5,0
CUL7,0.000110413
CUL9,0
CUTA,0.00023182
CUX1,0.000449265
CWC15,0.000791417
CWC22,0.001407656
CXCR4,0.000672097
CXorf38,0.000292311
CYB5B,0
CYB5R1,0.000152714
CYB5R3,0.001214216
CYBC1,0.000252081
CYCS,0.000370571
CYFIP1,0.000674988
CYLD,5.04E-05
CYP20A1,0.00037655
CYRIB,0.000273867
CYTH1,0.000810088
CYTH2,0.000459215
CZIB,0.000218153
DAD1,7.70E-05
DAG1,0
DAP,0.00014382
DAP3,0.000155142
DARS1,0.000100159
DAZAP1,0.000148415
DAZAP2,0.000672917
DBNL,0
DBT,0.000382352
DCAF11,0.000219177
DCAF12,0
DCAF13,7.08E-05
DCAF16,0.001166793
DCAF6,0
DCAF7,0.000443685
DCAF8,0.000517407
DCAKD,0.000364219
DCP2,0.000182892
DCTD,0.000309934
DCTN1,0.000579009
DCTN2,0.000857626
DCTN4,0.000264455
DCTN5,0.000290572
DCUN1D1,0.000454203
DCUN1D4,0.000114457
DDB1,0.001180385
DDI2,0.000296539
DDOST,0.000274072
DDX1,0.000277817
DDX10,0.000174513
DDX18,0.000210226
DDX20,7.16E-05
DDX21,0.000529914
DDX23,0.000380402
DDX24,0.000124218
DDX27,0.000765608
DDX31,0
DDX3X,0.002045108
DDX42,0
DDX46,5.77E-05
DDX50,0.00014453
DDX56,0
DDX58,0.000370382
DDX6,0.000730964
DEDD,0.000412199
DELE1,0.00031295
DENND1A,0.000359671
DENND4B,0.000380019
DENND5A,0.000182599
DENND6A,7.06E-05
DENR,0.001143807
DERL1,0
DERL2,0.000414848
DESI1,0.000384809
DESI2,0.000113916
DFFA,0.000187014
DGCR2,0
DGCR8,0.000374406
DGKD,0.000304384
DGKZ,0.00027203
DHDDS,0.001147314
DHTKD1,0.00037314
DHX15,0.000421235
DHX16,0.000157237
DHX29,7.19E-05
DHX30,0.000271538
DHX36,0
DHX57,0.000402602
DHX8,0.000953465
DHX9,0.000287235
DIAPH1,0.000288549
DICER1,0.000141184
DIDO1,0.000623744
DIP2A,0
DIP2B,0.000371078
DIS3,7.54E-05
DIS3L,7.29E-05
DIS3L2,0.000216571
DKC1,8.72E-05
DLD,0.000659472
DLG1,0.001476619
DLGAP4,0
DLST,0.000300362
DMAP1,0.000396827
DNAAF5,6.72E-05
DNAJA1,9.60E-05
DNAJA2,0.001036053
DNAJA3,0
DNAJB11,0.000425768
DNAJB12,0.00035948
DNAJB2,0.000137448
DNAJB6,0.000113454
DNAJC10,0
DNAJC13,0.000382127
DNAJC19,0.00065193
DNAJC21,0.000520659
DNAJC3,0
DNAJC5,0
DNAJC7,0.000613717
DNAJC8,8.62E-06
DNM1L,0.000144347
DNM2,0.000134502
DNMT1,0.000392524
DNMT3A,0
DNPEP,0.00067508
DNTTIP2,0.000512713
DOCK1,0.00020128
DOP1B,0.000872336
DPF2,0.001505976
DPM1,0.000387591
DPP8,0.000486401
DPP9,0.000230058
DPY19L3,0.00027041
DR1,0.000153978
DRAM2,0
DROSHA,0.000792284
DSTYK,0.000278091
DTX3L,0.000322405
DUSP11,0.000150968
DUSP16,8.03E-05
DUSP22,0.000780391
DUSP3,0
DUT,0.000218848
DVL3,0.00026721
DYM,0.000470514
DYNC1H1,0.000490682
DYNC1I2,0.000805076
DYNC1LI1,0.000181689
DYNLL1,0.000146847
DYNLL2,0.000222485
DYNLT1,0
DYRK1A,0
DYRK2,0.000240849
E2F4,0.00083785
EARS2,0.000368294
EBAG9,6.22E-05
ECD,0.000412701
ECPAS,0.000577062
EDEM1,0.000320515
EDEM3,0.000237783
EEF1AKNMT,0.0017247
EEF1B2,2.10E-05
EEF1D,0.000226439
EEF2K,0
EFCAB14,0.000470264
EFNA1,7.67E-05
EFR3A,0.000320342
EFTUD2,0.000430728
EHD4,0.001027013
EHMT1,0.000332698
EHMT2,0.000780318
EI24,0.000650968
EID1,0.000346259
EIF1AX,0.000465302
EIF2A,0.000155477
EIF2AK1,0.000431692
EIF2AK2,0.00025546
EIF2AK4,0.000210617
EIF2B1,0.000459099
EIF2B4,0
EIF2B5,0.000377922
EIF2S1,0.000101698
EIF2S2,0.000651506
EIF3B,0.000429501
EIF3D,9.44E-05
EIF3F,0.000506792
EIF3G,0.000579827
EIF3I,0.000420442
EIF3J,9.88E-05
EIF3M,0.000340179
EIF4A2,0.001002518
EIF4A3,0.000586007
EIF4B,0.000193775
EIF4E,0.000378624
EIF4E2,0.000928027
EIF4ENIF1,0.000108858
EIF4G3,0.000166808
EIF4H,5.93E-05
EIF5,6.61E-05
EIF5A,0.000231311
EIF5B,0.000225868
ELAC2,9.89E-05
ELAVL1,7.95E-05
ELF2,0.000220004
ELK3,0.001731404
ELK4,0.000123521
ELMO2,0.00069848
ELMOD2,0.000187204
ELOA,0.000150406
ELOVL1,0.000545144
ELP1,0
ELP3,0.000783482
EMC1,0.000193562
EMC2,0.001202216
EMC3,0.000112724
EML4,0.000437561
ENC1,0.000709784
ENG,0.001098075
ENOPH1,0
ENTPD1,0.000275721
ENTPD4,0
ENTPD6,0.000798603
ENY2,0.001016314
EP300,0.000563998
EP400,0.000103449
EPB41L1,0.000422656
EPC1,0.000281167
EPHX1,0
EPN1,0.000320139
EPS15,0
EPS15L1,0.000270606
ERBIN,0
ERC1,0.000217769
ERCC3,0
ERGIC2,0.000496873
ERH,0
ERI3,0.000388279
ERLEC1,0.000966308
ERLIN1,0
ERO1A,0.000959819
ERP29,0.000760012
ERP44,0.000515129
ESD,0.000492479
ESYT1,0.001678913
ESYT2,0.001341627
ETF1,0.001081568
ETFA,0.00042146
ETNK1,0.001580635
ETV6,0
EWSR1,0.000698521
EXOC1,4.83E-06
EXOC3,0.000175477
EXOC4,0.000503057
EXOC5,0
EXOC7,0.000350495
EXOSC10,0.000163049
EXOSC6,0.000817069
EXT1,0.000367405
EXT2,0
EXTL3,0.000125619
EYA3,0.000455667
EZH1,0
F11R,0.000134369
FAF1,0.000139316
FAF2,0.001183279
FAM102A,0
FAM111A,0.000624292
FAM114A1,0.000213912
FAM120A,0
FAM120AOS,0.000324654
FAM120B,0.000165924
FAM122B,0.001087036
FAM136A,5.17E-05
FAM160A2,7.70E-05
FAM168A,0.000539285
FAM168B,0.0003401
FAM177A1,0.00023725
FAM193A,0.000614177
FAM199X,0.000409788
FAM204A,0.000349651
FAM20B,0.000186348
FAM32A,0.00018548
FAM8A1,0.000627868
FAM91A1,0.000135661
FAM98A,0.000154284
FARP1,0.000131405
FARSB,0
FASTKD2,0.001035712
FBRS,0
FBXL3,0.000398902
FBXL5,0
FBXO21,0
FBXO22,0.000474088
FBXO28,0
FBXO3,0.000128003
FBXO42,0
FBXO7,0.00022819
FBXO9,0.000363805
FBXW11,0.000204638
FBXW2,0
FCF1,0.000185335
FDFT1,0.000351333
FEM1B,0
FEM1C,0.000197542
FEZ2,0.000831591
FGFR1OP2,0.000553324
FH,7.03E-05
FKBP15,0.000683464
FKBP9,0.00013816
FLAD1,0.002972646
FLII,0.000353776
FLOT1,0.000131296
FLOT2,0.000837685
FMR1,5.00E-05
FNBP4,0.000374993
FNDC3B,0.000113448
FNTA,0.000424648
FOCAD,0.000176811
FOSL2,0.001113802
FOXJ2,0.00047514
FOXJ3,0.000582935
FOXK1,0.000694336
FOXK2,0.000892458
FRYL,0.000699766
FTO,0
FUBP1,0.000121775
FUBP3,0.000374087
FUS,0.000281781
FXR1,0.000521402
FYCO1,0.000258284
FYTTD1,0.000825276
G3BP1,0.000124765
G3BP2,0.000142018
GABARAPL2,0.000347533
GABPB1,0
GAK,0.000198278
GALNT1,7.01E-05
GALNT10,4.36E-06
GALNT11,0.000380741
GAPVD1,0.000140292
GARRE1,0.000216175
GARS1,7.13E-05
GART,0.000442197
GATAD1,8.44E-05
GATAD2A,0.000767262
GATAD2B,0.00063418
GBA2,0.000271854
GBF1,0
GCN1,0.000302957
GDE1,0.000950921
GDI1,6.29E-05
GEMIN5,0.00045719
GFM1,0.000137291
GFOD2,0.00074316
GGA1,0.000724393
GGA2,0.00058504
GGCX,0.000321627
GGNBP2,9.74E-05
GID8,0
GIGYF1,0.000214697
GIGYF2,0.000317593
GINM1,0.000218632
GIPC1,0
GLB1,0.000351138
GLE1,0.000342698
GLG1,2.16E-05
GLO1,0.000326505
GLOD4,0.000369062
GLRX3,0
GLT8D1,0.000279275
GLTP,7.82E-05
GLUD1,2.27E-05
GLYR1,0.0004159
GM2A,0.000614479
GMFB,0.000430923
GMPR2,0.001246617
GMPS,0.000714206
GNA12,0.00033068
GNA13,0.00080243
GNAI2,0.000277279
GNAI3,0.000552938
GNL1,0
GNL2,0.000222034
GNL3,0.00037161
GNL3L,6.21E-05
GNPAT,0
GNPDA1,0.000840438
GNPTAB,0.000137093
GOLGA1,0.000354402
GOLGA2,8.60E-05
GOLGA3,0
GOLGA4,0.00017845
GOLGA5,0.000140525
GOLGB1,0.000435299
GOLM2,7.13E-05
GOLPH3,0.000234501
GON4L,0
GOPC,0.000941159
GORASP1,0.000470037
GORASP2,0.000100501
GOSR1,0.000193662
GOSR2,0.000530213
GOT2,0
GPATCH8,7.61E-05
GPBP1,0.000152835
GPBP1L1,0.000233786
GPD2,0.000746009
GPN1,0.000533311
GPR107,0.000426276
GRAMD1A,0.00023061
GRHPR,0.000821507
GRIPAP1,0
GRK2,0.000127476
GRPEL1,0.000332421
GRSF1,0
GSE1,0.00017699
GSK3B,0.000260678
GSPT1,0.000212088
GSTK1,0.000621212
GTF2A1,0.000204333
GTF2H1,0.000353266
GTF2IRD1,0.000122025
GTF3A,0
GTF3C1,0.000182162
GTF3C2,0.000319265
GTF3C3,0.000174761
GTF3C4,5.30E-05
GTPBP1,0.000988815
GTPBP2,7.25E-05
GTPBP4,0.000276618
GUCD1,7.84E-05
GUF1,0
GUK1,0.000660661
GYG1,0.000345072
H2AZ2,0.000123816
H3-3A,8.06E-05
H6PD,0.001239915
HADH,0.000513961
HADHA,0.000567311
HADHB,0.000903198
HARS1,0.000280155
HAT1,0.000134556
HAX1,0.000986056
HBS1L,0.000467977
HCFC1,8.16E-05
HDAC1,0.000119857
HDAC2,0.000218884
HDAC6,0.000305114
HDAC7,0
HDDC2,3.90E-05
HEBP2,0.000236286
HECA,0.000784959
HECTD4,8.00E-05
HELZ,7.16E-05
HERC1,8.01E-05
HERC2,6.21E-05
HERC4,0.000583523
HERPUD1,0.000270962
HERPUD2,0.001153114
HEXB,0.000186302
HEXIM1,0.000156959
HGS,0.001442368
HIBADH,0
HIF1AN,8.14E-05
HINT1,0.000333317
HIP1,0.000469923
HIP1R,0.000106431
HIPK1,0
HIPK3,0.00138988
HK2,0.000785571
HM13,0.00084851
HMGA1,0
HMGB1,0.000871524
HMGB2,0.000255375
HMGCR,5.65E-05
HMGN1,8.91E-05
HMGN2,0.000325247
HMGN4,0.00012585
HMGXB3,8.19E-05
HNRNPA0,0.000433281
HNRNPA3,0.000466528
HNRNPAB,0.000214511
HNRNPC,0.001504264
HNRNPD,0.000321646
HNRNPDL,0.000880491
HNRNPF,0.000418957
HNRNPH1,0.000133797
HNRNPH2,0.000969088
HNRNPH3,0
HNRNPK,0.000222873
HNRNPL,0.000565066
HNRNPM,0
HNRNPR,0.000220667
HNRNPUL1,0.000131659
HNRNPUL2,0
HP1BP3,0.000281675
HPS1,0.000960234
HPS4,0.000442097
HS1BP3,0.001072301
HSBP1,0.000554637
HSDL1,0.000179211
HSPA1B,6.80E-05
HSPA4,0.001239866
HSPA9,0.000340862
HTATSF1,0.00010068
HTT,0.000194172
HYOU1,0.000614251
IARS1,0.00022385
IARS2,0.001269537
IBTK,0.00049551
ICE2,0
ICMT,0.000161019
IDE,0
IFI16,0.000230278
IFNAR1,8.25E-05
IFNGR1,7.50E-05
IFNGR2,8.76E-05
IFT122,0.000162411
IGF2R,0.000203448
IK,0
IKBKB,0.000235215
IL17RA,0
ILF2,0
ILF3,0.000184528
ILKAP,0
ILRUN,0
IMMT,0.000128147
IMPACT,1.79E-05
IMPDH2,0.000531702
INIP,7.34E-05
INO80,0.00014613
INPPL1,0.000148824
INSIG1,0.000145754
INTS1,0
INTS10,0.000469281
INTS11,0.000388307
INTS13,0.000227649
INTS14,0.000982527
INTS3,0.000545594
INTS4,0.000153897
INTS6,0.000192368
INTS8,7.11E-05
IP6K1,0.000476931
IP6K2,0.000780295
IPO7,3.94E-05
IPO8,0.000246594
IPO9,0.000357292
IQCE,9.31E-05
IQSEC1,0.000560493
IREB2,0.000675271
IRF1,0.000108876
IRF2,0.000830222
IRF2BP2,0.000219752
IRF2BPL,0
IRGQ,0.000435994
ISCA1,6.53E-05
ISCU,0.000928686
ISG20L2,0.000565347
IST1,0
ITCH,0.000154904
ITFG1,0.000435454
ITGA5,0.000960002
ITGAV,5.82E-05
ITGB1BP1,0.00093699
ITSN2,0.000356759
IVNS1ABP,0.000757756
IWS1,0
JAK1,7.21E-05
JARID2,0.000109311
JOSD1,0.000664959
JPT2,1.47E-05
KANK2,9.50E-05
KANSL1,3.75E-05
KANSL2,0
KANSL3,0.000248457
KARS1,0.000117893
KAT2A,0.000382539
KAT7,0.000663668
KAT8,0
KATNIP,0.000529851
KBTBD2,0.000910541
KCMF1,0.000654856
KCTD10,0.000921957
KCTD2,0.000215613
KCTD20,0.000649477
KDELR2,0.000259307
KDM1A,0.000842625
KDM2B,0.000188029
KDM3A,0.000158996
KDM3B,0.000246998
KDM4A,0
KDM4B,0.000834744
KDM5A,0
KDM5B,0.000549983
KDM5C,0.000549747
KDSR,0.000202987
KHDC4,0.000350066
KHDRBS1,8.66E-05
KHNYN,0.000850252
KHSRP,0.000481327
KIAA0232,0
KIAA0319L,0.000144979
KIAA0930,0.00034554
KIAA1191,0.000727127
KIAA1217,0.000648917
KIAA1522,0.000303841
KIF1C,0.000358052
KIF2A,0.001290854
KIF3B,5.75E-05
KIFAP3,0.000307884
KLF10,0.006694502
KLF3,0.000575594
KLHDC10,0.000915334
KLHDC3,0.00048528
KLHL12,0.000735656
KLHL24,0.000143148
KLHL36,0.000814061
KLHL42,0.000400477
KMT2A,0.000189009
KMT2B,0.001703709
KMT2D,0.000512521
KMT2E,0
KMT5B,0.000398956
KPNA1,0
KPNA4,0
KPNA6,0
KPNB1,0
KRAS,0.000295951
KRR1,0.001014951
LAMP2,0.000179009
LAMTOR1,0.001299497
LAMTOR3,0.000688108
LANCL1,0.000272473
LAP3,0.000545918
LAPTM4A,0
LAPTM5,0
LARP1,0.000122234
LARP4,0
LARP4B,0.000404449
LARP7,0
LARS1,0.000353043
LAS1L,0.000325747
LCOR,3.61E-05
LCP1,0.0001471
LDB1,0
LDLRAP1,0.000168242
LEMD2,6.89E-05
LENG8,0
LEPROT,0.00104549
LETM1,0
LETMD1,0
LGALS8,0.000140437
LGMN,0.00078883
LHFPL2,7.44E-05
LIG3,0.001380894
LIMA1,0.000405867
LIMK1,0.001843069
LIMK2,0.001053163
LIMS1,0.000611329
LIN7C,0.003232424
LIPA,0.000143453
LMAN1,0.000207032
LMBR1,0.000664911
LMBR1L,2.16E-05
LMBRD1,0.000570189
LNPEP,0
LNPK,0
LPCAT1,0.000733283
LPP,0.000659182
LRCH3,0.0001522
LRPAP1,0.000334869
LRPPRC,0.000117583
LRRC41,0
LRRC58,0.000474931
LRRC8A,0.001361371
LRRFIP1,0.00045188
LRRFIP2,0.000802405
LSG1,0.000837254
LSM14A,0.00011763
LSM14B,0.000285409
LSM3,6.61E-05
LSM4,0
LSM8,0.000111222
LSS,0.000304514
LTA4H,0.000143489
LTBP3,0.000120595
LTBR,0.000249726
LUC7L,0
LUC7L2,0.000289954
LUC7L3,0.000233858
LYPLA1,7.43E-05
LZIC,0.00116162
MACO1,0.000180176
MACROH2A1,0.000276933
MADD,0.00015544
MAEA,0.000339106
MAGEF1,8.27E-05
MAGT1,0.000785301
MAML1,0.000766759
MAN1B1,9.53E-05
MAN2B1,0.000796657
MAN2B2,0.00018089
MANBA,0.000315966
MANBAL,0.000841753
MAP1LC3B,0.000423889
MAP3K2,0
MAP3K3,0.000567136
MAP3K4,0.000709704
MAP3K7,0.000140152
MAP4K4,0.000624651
MAP7D1,0
MAPK1,0.000182219
MAPK14,0
MAPK1IP1L,0
MAPK8,5.83E-05
MAPK9,0.000432346
MAPKAP1,0.000852687
MAPKAPK5,0.00075466
MAPRE1,0.000436899
MARCHF5,0.000203249
MARCHF6,0.00020757
MARCHF7,0.00014001
MARCHF8,0.00061122
MARCKS,0.001179555
MARF1,0.000298557
MARK2,0.000448197
MARK3,0
MARS1,0.000366362
MAST2,0.00040264
MAT2A,0.001880458
MAT2B,0.000188516
MAU2,7.15E-05
MAVS,0
MAX,0.000257255
MBD1,0.000315659
MBD2,0
MBD4,0.000228998
MBNL1,0.001328458
MBTPS1,0.000390175
MCFD2,0.001005796
MCM3,7.08E-05
MCM6,6.82E-05
MCM7,2.19E-05
MCMBP,0.000237883
MCTS1,0.000218975
MCUR1,0.000164288
MDC1,0.000174898
MDH1,0.000655368
MDM4,0
MEAF6,8.22E-05
MECP2,0.001160963
MED12,0
MED13,0.000294412
MED13L,0
MED14,0.000829723
MED15,8.56E-05
MED22,0.000287082
MED28,0.00042977
MED29,0.000239457
MEF2D,0.000324387
MEPCE,0
MESD,0
METAP1,8.05E-05
METAP2,0.000160448
METTL16,6.89E-05
METTL2A,0.000372654
METTL9,7.07E-05
MFF,0.000160764
MFN2,0.000265679
MFSD1,0.000208243
MFSD14B,0.000724994
MGAT1,0
MGAT4B,0.000872555
MGAT5,0
MGME1,0.000480185
MGRN1,7.56E-05
MGST3,0.000638836
MIA2,4.01E-05
MIA3,0.001217654
MIB1,0.000197029
MICU1,0.000673124
MIDEAS,0.000247695
MIDN,0.000948862
MIEF1,0.000146577
MIER1,0.00015483
MINK1,0
MIOS,0.001469905
MKLN1,0.000204263
MKNK1,0.000160152
MKNK2,0.000140849
MKRN1,0.000181857
MKRN2,0.000394343
MLEC,0.000609271
MLF2,0
MLLT1,0.000473427
MLXIP,0
MMS19,5.51E-05
MOB1A,0.000565798
MOB3A,0.000610861
MOGS,0.001399056
MON1B,7.14E-05
MON2,0.000317747
MORC2,0.000274409
MORF4L1,0.000519353
MOV10,0.001928865
MPC2,0.000511779
MPHOSPH10,0.000891935
MPHOSPH8,0.000262211
MPRIP,0.000280177
MPV17,0
MPZL1,0.000735992
MRE11,0.002886226
MRFAP1,0.000430146
MRFAP1L1,0
MROH1,0.000322939
MRPL19,0.000343232
MRPL3,0.000856835
MRPL30,0.000441591
MRPL35,0.000468729
MRPL42,5.15E-05
MRPL50,0.000577094
MRPL51,0
MRPS10,0.000261854
MRPS14,0.000546137
MRPS16,0.00068533
MRPS21,0.000201728
MRPS23,0.000240741
MRPS25,0.000346257
MRPS27,0.000191258
MRPS35,0.000336363
MRPS5,0.000827704
MRRF,9.95E-05
MRS2,0.000277202
MRTFA,0.00035657
MRTFB,0
MSH2,0.000302015
MSH6,0
MSI2,0.000128683
MSL2,0
MSL3,0.000389865
MTA2,0.000319318
MTA3,0.000137513
MTCH1,0.000404298
MTCH2,0.000432679
MTDH,0.000603678
MTHFD1,0
MTHFD2,8.16E-05
MTIF2,0.000148404
MTMR14,0
MTMR4,8.03E-05
MTOR,9.63E-05
MTPN,0.001578462
MTR,0.000108467
MTREX,0.000653312
MTX2,0
MXD4,7.26E-05
MXRA7,5.65E-05
MYADM,0.000124576
MYD88,0
MYH10,0
MYO1B,0.001011484
MYO1E,8.03E-05
MYO6,0
MYO9B,0
MYOF,2.62E-05
N4BP1,0.000691184
N4BP2L2,0.000142578
NAA15,0.000194866
NAA20,0.001044346
NAA30,0.000452721
NAA50,0.001670735
NACC1,0.000658294
NADSYN1,0.000530457
NAGA,0.000246787
NAGK,0.000195925
NANS,0.000142917
NAP1L4,0
NAPG,0.000229297
NARS1,0.000316186
NASP,0
NAT10,0.000666999
NAXD,0.001035557
NBAS,0
NBEAL2,0
NBN,0.00052882
NBR1,0.000164516
NCAPD2,0.00060693
NCBP1,0.000549004
NCBP2,0.00060503
NCBP3,0.000192197
NCKAP1,7.62E-05
NCOA1,0.00073521
NCOA3,1.25E-05
NCOA5,0.000224959
NCOA6,0.000381959
NCOR1,0.000221666
NCOR2,5.27E-05
NCSTN,0.000323279
NDC1,0.000777288
NDFIP1,0.000223751
NDRG3,0.000295909
NDST1,0.000788366
NDUFA10,0.000370837
NDUFA5,0.000167738
NDUFB4,0.000428007
NDUFB5,0.000319509
NDUFS1,0.000296043
NDUFS2,0.000273045
NDUFV3,0.000262219
NECAP1,0.000356801
NECAP2,0.000159709
NEK6,0.000186043
NEK9,0.000115819
NELFCD,0.00039704
NELFE,7.79E-05
NEPRO,0.00057896
NET1,0
NF1,0
NF2,0.000558048
NFATC2IP,0
NFE2L2,0.003031867
NFIC,0.000113916
NFKB1,0
NFKBIA,0.000220369
NFRKB,0.000810317
NFX1,8.22E-05
NFYA,7.71E-06
NFYC,0.000594175
NGLY1,0.000372463
NIPBL,0.000696208
NISCH,0
NIT2,0.000314791
NKAPD1,0.000507169
NMD3,0.000497283
NMT1,0.000132495
NOL10,0.000888443
NOL11,0.000646915
NOL6,0.000335247
NOL7,0.00016719
NOL8,0.000980356
NOLC1,0.000905501
NOP56,0.00024081
NOP58,0.000440747
NOTCH1,0.001098641
NPC1,0.000252823
NPC2,0
NPEPPS,0.000350329
NPLOC4,0.001925383
NPTN,0.000266907
NR1D2,0.000816964
NRBP1,7.41E-05
NRDC,8.16E-05
NRF1,0
NSA2,8.00E-05
NSD1,0.000972383
NSD2,0.00096474
NSF,0
NSFL1C,0.000780357
NSL1,0.000150518
NSRP1,0.00045688
NSUN2,0.000151112
NSUN4,0.000157954
NT5DC1,1.27E-05
NUB1,0
NUCB1,0.000290914
NUCB2,0.000700525
NUDCD3,0.000552835
NUDT21,0.000727822
NUDT4,0.000306811
NUMB,0.000474967
NUP107,0
NUP133,0.001021698
NUP160,0
NUP188,0.000309771
NUP205,2.50E-05
NUP214,0.000376783
NUP43,0.000116957
NUP50,0.000538725
NUP54,0.000219306
NUP58,0.000115193
NUP62,0.001208256
NUP85,0.000458644
NUP88,0
NUP93,0.000236033
NUP98,0.000235667
NUS1,0
NUTF2,0.000327281
NVL,0.000786253
NXF1,0.000173727
OAZ2,0.000386131
OCIAD1,0.000810172
OCRL,0.000590733
ODF2,0.000157685
ODR4,0
OFD1,0.000233374
OGA,0.000561661
OGDH,0.000214808
OGFOD1,0
OGT,0
OLA1,0.000186143
OPA1,0.001084476
OPTN,0
ORC3,0.000584373
ORC4,0.000364411
OSBP,0.000243105
OSBPL2,0.001006936
OSBPL8,0.000329851
OSBPL9,9.78E-05
OSER1,0.000288891
OSGEP,0.000853224
OSGIN2,0.000181736
OTUD5,0.000415359
OTUD7B,0.001320228
OXA1L,0.000463313
OXSR1,0.000197964
P4HA1,0.001295679
PA2G4,0.000465776
PABPC4,0.00033375
PACS1,0.000237914
PACS2,0.000702757
PACSIN2,0.001064977
PAFAH1B1,0.000332308
PAFAH1B2,0.000353626
PAIP1,0.000163194
PAIP2,6.21E-05
PAK2,0.000119598
PAN3,0
PANK3,0.000261339
PAPOLA,0.000667033
PAPSS1,0.000273181
PARK7,0.000135744
PARN,0.00061202
PARP12,0.00085307
PARP14,0.000168689
PARP4,0
PARP9,0.000150103
PARVA,0.00064666
PBRM1,0.000173337
PBX2,0
PBXIP1,0.000455128
PCBP2,0.000506235
PCCB,0.000171688
PCF11,0.000180768
PCGF3,0.000220366
PCID2,0
PCMTD1,0
PCMTD2,0.000549449
PCNA,0
PCNP,0.001049506
PCNT,0.000200081
PCNX1,0.000166132
PCNX4,0
PCYOX1,0.000892339
PCYT1A,0.001345006
PDAP1,0.000119611
PDCD11,0.000265324
PDCD2,0.000636984
PDCD6IP,0.000673672
PDCD7,0.000237549
PDE12,0.000301134
PDHX,8.02E-05
PDK3,8.84E-05
PDS5A,0.00023036
PDS5B,0.000132318
PDXDC1,0.000830491
PDXK,0
PEBP1,9.25E-05
PEF1,0
PEX13,0.001127611
PEX19,0.001314263
PEX2,0.000249354
PEX26,0
PFKL,0.000979088
PGD,0.000439165
PGM3,9.33E-05
PGRMC1,0.001313629
PGRMC2,0.000971539
PHACTR4,0.000157971
PHAX,0.000736223
PHB2,9.49E-05
PHC2,0.000297699
PHC3,0.00059653
PHF10,5.56E-05
PHF12,0.000650726
PHF13,0.000325299
PHF14,0.00016175
PHF2,0.00035892
PHF20,0.000245084
PHF20L1,7.95E-05
PHF21A,0.000828194
PHF3,6.72E-05
PHF8,0.000145346
PHIP,0.000672488
PHKB,0.002498817
PHLDB1,0
PI4K2A,0
PI4KA,0
PI4KB,0.000213946
PIAS1,0
PICALM,0.00014151
PIEZO1,0.000287103
PIGK,6.10E-05
PIGM,0.000127548
PIGO,8.21E-05
PIGX,0
PIK3C2B,0.000925963
PIK3CB,0.000391304
PIK3R3,0.001282963
PIK3R4,0
PIP4K2A,7.46E-05
PIP4K2C,0.000225817
PIP5K1A,0.000698663
PITHD1,0.000183301
PITPNA,0.000140082
PITPNB,0.000206232
PITRM1,0.000410394
PJA2,5.48E-05
PKN1,0.000330576
PKN2,0.00019312
PKNOX1,0.001060879
PKP4,0.000250418
PLA2G12A,0.000156017
PLBD2,0.000133011
PLCG1,0.000979459
PLEKHB2,0.001277605
PLEKHO1,0.001334273
PLPBP,8.26E-05
PLRG1,0.001338656
PLXNA1,0.000383198
PLXNA3,0
PLXND1,0.000402917
PML,0
PMP22,0.000195452
PMPCB,0.000259189
PNISR,0.000585299
PNMA1,0.000281224
PNN,0
PNPT1,0.000644759
PNRC1,0.000138498
PNRC2,0.001683139
POFUT1,0.000280638
POGK,0.000506386
POGZ,0.000320373
POLDIP2,7.00E-05
POLDIP3,7.20E-05
POLE,0.000545251
POLE3,0.000250129
POLH,0.001330316
POLR1A,0
POLR1B,0.000914497
POLR1D,0
POLR2A,0.000442378
POLR2C,0.000503172
POLR2D,0.000126986
POLR2K,0.000279877
POLR3A,0.000359205
POLR3C,0.000418449
POLR3E,0
POMP,0.000782139
PON2,0.000854898
POU2F1,0.000193594
PPA2,0.000123299
PPCS,0.00078281
PPFIA1,7.25E-05
PPHLN1,0.000207166
PPIE,0.000194085
PPIF,0.00029329
PPIG,0.000335493
PPIL2,0.000214942
PPM1A,0.000250221
PPM1F,0.000348183
PPM1G,0
PPP1CC,6.78E-05
PPP1R10,0.00035333
PPP1R11,0.000350907
PPP1R12A,0.000179715
PPP1R15B,0.000708425
PPP1R18,0.000263299
PPP1R2,0.000367434
PPP1R8,0
PPP1R9B,4.13E-05
PPP2CA,0
PPP2CB,0.00040775
PPP2R2A,0.000444524
PPP2R2D,0.000246348
PPP2R5A,0.000524493
PPP2R5C,0.00045403
PPP2R5E,0.000167049
PPP3CB,0
PPP3R1,0.000541794
PPP4R1,0.000194971
PPP4R2,0.000379833
PPP4R3A,0
PPP4R3B,0.000228122
PPP6C,0.000135787
PPP6R1,7.47E-05
PPP6R2,0.000439706
PPP6R3,0.000527158
PPRC1,0
PRCC,7.51E-05
PRDM2,0.000226237
PRDX2,0.000202679
PRDX3,0
PRELID3B,0.000376663
PREP,0
PREPL,0.000486171
PRKAB1,0.000110967
PRKACA,0.000353157
PRKAG1,0
PRKCI,0.000666976
PRKD2,0.000270639
PRMT2,0
PRMT7,0.000189814
PROSER1,0.000878822
PRPF3,0.000582058
PRPF38A,0.000505744
PRPF38B,0.000302043
PRPF39,0
PRPF4,0
PRPF40A,0.000361133
PRPF4B,0.000123045
PRPF6,8.02E-05
PRPSAP1,0.000667627
PRR13,0
PRRC1,0
PRRC2A,0.000413998
PRRC2B,0.001088063
PRUNE1,0.000394476
PSEN1,5.90E-05
PSIP1,0.000650243
PSMA3,0.001255494
PSMA4,0
PSMA5,0.00059506
PSMB1,0.00048813
PSMB2,0.000146944
PSMB7,0.00035991
PSMC2,0.000220181
PSMC6,0
PSMD1,0.000422403
PSMD12,0.000391452
PSMD13,0.000531451
PSMD2,0
PSMD5,8.42E-05
PSMD6,0.001884696
PSME1,0.001405687
PSME2,0.000625987
PSME3,0.000291729
PSME3IP1,0.000349789
PSME4,7.83E-05
PSMF1,0.000477578
PSMG2,0.000344361
PTBP1,0.000689818
PTBP3,0.000739856
PTCD3,5.13E-05
PTDSS1,0.000233531
PTGES3,0
PTK2,0.000923269
PTPA,0
PTPN11,0.000802654
PTPN12,0.000401014
PTPN18,0
PTPN2,0.000289831
PTPN23,0.000514502
PTPN9,0.000292679
PTPRA,0.000789167
PUM1,0.000166932
PUM2,0.000333927
PUM3,7.25E-05
PURB,7.79E-05
PWP1,0.000275398
PYGO2,0
QARS1,8.54E-05
QKI,0.000285944
QRICH1,0.00012584
QSER1,0.00030059
R3HDM1,0.000226698
R3HDM2,0
R3HDM4,0.001367832
RAB10,0.000629373
RAB14,0.000131907
RAB18,7.34E-05
RAB1A,0.000366719
RAB21,0.000462273
RAB22A,0
RAB2A,0.000852002
RAB35,0.000854143
RAB3GAP1,0.001284795
RAB3GAP2,0.000254235
RAB4A,0.000151917
RAB5A,0.000222602
RAB5B,0.002687943
RAB5C,7.87E-05
RAB7A,0
RABEP1,0.000629187
RABGAP1,0.000597822
RABGAP1L,0
RABGGTB,0
RABL6,0.000158295
RAC1,0
RAD23B,0.000573902
RAE1,0.000451742
RALA,0.000429412
RALB,0
RALBP1,0.000243834
RALY,0.000113428
RAN,0.000560368
RANBP10,0.000353966
RANBP2,0.000316655
RANBP3,0.000795846
RANGAP1,6.26E-05
RAP1A,0.00072641
RAP1B,0.000228569
RAP1GDS1,0
RAP2B,0.000184191
RAPGEF1,4.90E-05
RARG,6.04E-05
RARS1,0.000128403
RARS2,0.000288187
RASSF3,0
RB1CC1,0.000249834
RBBP5,0.000412068
RBBP6,0.000233848
RBCK1,6.13E-05
RBFOX2,0
RBM12,0.000501292
RBM14,1.32E-05
RBM15B,0.000160459
RBM17,7.95E-05
RBM18,0.000282239
RBM19,6.33E-05
RBM22,0.000288394
RBM23,0.000793396
RBM25,0.000186072
RBM26,0.000156753
RBM28,8.06E-05
RBM3,0.000438274
RBM33,0.000197129
RBM5,0.00028367
RBM6,0.000579846
RBM8A,0
RBMS2,7.38E-05
RBMX,0.000363889
RBPJ,0.000274843
RBSN,0.000736982
RBX1,0.000134415
RC3H1,0.000669788
RC3H2,0.000831552
RCC2,0.000332205
RCN2,0.000150376
RCOR1,0.000761327
RCOR3,0.000256415
RDH11,0.000132789
REEP3,7.77E-05
REEP5,0.000339337
RELA,3.83E-05
REPIN1,0.00035397
REPS1,7.99E-05
RER1,0.000397549
RERE,0.000662227
REST,0
RETREG2,9.27E-05
RETREG3,9.29E-05
RFC1,0.000138457
RFWD3,2.09E-06
RFX5,0.003311114
RGL2,0.000472624
RGS12,0.000680273
RHBDD1,8.68E-05
RHBDD2,0.000554226
RHEB,0.000124467
RHOC,0.00029174
RHOT1,0
RIF1,0.000236859
RIOK1,0
RIPK1,0.000383773
RIT1,0.000282092
RLIM,0.000596437
RMDN1,0.000434337
RMND5A,0.000405111
RMND5B,0.00035805
RNF10,0
RNF103,0.000274885
RNF11,0.000174161
RNF114,8.04E-05
RNF115,0
RNF13,0.000409072
RNF130,9.57E-05
RNF139,0.000421576
RNF14,0.000483255
RNF141,0.000110413
RNF146,0.000517111
RNF149,0.000143468
RNF167,0.000156789
RNF168,0.000263294
RNF187,4.27E-05
RNF19A,0.000367525
RNF20,7.52E-05
RNF216,0.000315732
RNF220,0.000558305
RNF24,0.001170935
RNF34,0.000921452
RNF4,0
RNF41,0.000991167
RNH1,0.000679778
RNPEP,0.000592825
RNPS1,0
RPA1,0.000417887
RPAP2,0.000354715
RPAP3,6.81E-05
RPE,0.000326052
RPL21,0.0002825
RPL22,0.00058434
RPL36AL,0.000319869
RPL39,0.000422039
RPL41,0
RPRD1A,9.65E-06
RPRD2,0.000434002
RPS15A,0.000455153
RPS23,0.000467569
RPS27L,0.000681092
RPTOR,0.000529085
RRAGA,0.000540886
RREB1,7.01E-06
RRM1,0
RRM2B,0
RRN3,0.000553935
RRP15,0.000480073
RRP1B,7.85E-05
RRP36,0.000196337
RSBN1L,0.000452427
RSL1D1,0.000443979
RSL24D1,0
RSPRY1,0.000468456
RSRC2,0.000734071
RSU1,0.00093809
RTCB,0
RTF1,0.00015747
RTF2,0
RTRAF,0
RUFY1,0.000404866
RUFY3,0.000960989
RUNDC1,0.000416847
RUNX1,5.14E-05
RWDD1,0.000652549
RXRA,0.000437189
RXRB,4.90E-05
RYBP,0.001252709
RYK,0.000224968
SACM1L,0
SAE1,0.000631798
SAFB,0.000195274
SAFB2,0.0008811
SAMD4B,0
SAMD8,0.000731065
SAMHD1,2.92E-05
SAP18,0.000187391
SAP30BP,0.000423526
SAP30L,0.000225747
SAR1B,0
SARS1,0.000502981
SART3,0.001159718
SAYSD1,0
SBDS,8.69E-05
SBF1,0.001700789
SBNO1,0.000344708
SCAF11,0.000457133
SCAF4,0.000133545
SCAF8,0.000855612
SCAMP1,0
SCAMP2,0.000362777
SCAMP3,0.000207605
SCAP,0.000597809
SCFD1,0.000521843
SCMH1,8.34E-05
SCYL2,0.000409616
SDAD1,0
SDC3,0.000952363
SDF4,0.00012089
SDHC,0.000673395
SEC11A,5.87E-05
SEC11C,0.000340528
SEC13,0.000145885
SEC14L1,3.78E-05
SEC22C,0.000279029
SEC23A,0.000161151
SEC23B,0
SEC23IP,0.000108215
SEC24B,0.001044932
SEC24D,0.00021897
SEC31A,0.000269314
SEC62,0.000904921
SECISBP2,0.00048077
SEH1L,7.76E-05
SEL1L,0.000194773
SELENOF,0.000146733
SELENOI,0.00077151
SELENON,0.001033959
SELENOT,7.05E-06
SELENOW,0.00022064
SEM1,0.000717062
SENP2,0.000561826
SENP5,0.000540941
SENP6,0
SEPHS1,0.000338058
SEPHS2,0.000256367
SEPTIN11,0.00093651
SEPTIN2,6.68E-05
SEPTIN7,0.001089458
SEPTIN8,0.000220463
SERBP1,0.000409726
SERINC3,0
SERP1,0.000490495
SERPINB1,0.000831035
SERPINB6,0
SESTD1,0.00021049
SETD1B,6.90E-05
SETD2,0.000580334
SETD3,0.000511663
SETD5,0
SETX,0.000260559
SF1,0
SF3A1,0.000375702
SF3A3,0.000227483
SF3B2,0.000208542
SF3B3,7.59E-05
SF3B4,3.49E-06
SF3B6,0
SFPQ,0.0002219
SFSWAP,0
SFT2D2,0.000776564
SFXN3,0.001172517
SGPL1,0.000272394
SGSM2,0
SH3BP2,0.000517784
SH3BP5L,0.00138117
SH3GL1,8.21E-05
SH3GLB1,0.002269617
SHC1,0.000587482
SHISA5,0.000184086
SHOC2,0
SIAH2,0.000778254
SIDT2,0.00053013
SIK3,0.000473024
SIKE1,0.000677489
SIN3A,0.000378733
SIN3B,0
SIPA1L3,8.19E-05
SKI,7.10E-05
SKIV2L,7.34E-05
SKP1,0.000372224
SLAIN2,0.000700959
SLBP,0.000299461
SLC11A2,5.35E-05
SLC15A4,0.000179974
SLC20A1,0.000471467
SLC20A2,0.000362737
SLC25A12,0.000567004
SLC25A16,9.52E-05
SLC25A36,0
SLC25A44,0
SLC25A46,0.000299839
SLC30A1,9.84E-05
SLC30A5,0.000500989
SLC30A6,0
SLC30A7,7.25E-05
SLC30A9,0.000287952
SLC31A1,0.000210006
SLC35A4,0.001071893
SLC35C2,0.00035845
SLC35E1,0.000753173
SLC35E2B,5.15E-05
SLC35F5,0
SLC35F6,0.000590961
SLC37A3,0
SLC38A10,0.000226621
SLC39A10,0
SLC39A7,0.000249083
SLC39A9,0
SLC3A2,0.000140068
SLC44A1,0
SLC4A1AP,0.000216161
SLC5A6,0.000100109
SLC9A1,0.000738018
SLF2,5.83E-05
SLK,0.000270638
SLMAP,0.000462357
SLTM,0.000486383
SLU7,0.001253722
SMAD2,0.000227282
SMAD3,0.000149218
SMAD5,0
SMAP2,0
SMARCA2,0.000210865
SMARCA4,0.000311099
SMARCA5,0.000121357
SMARCAL1,0.00078204
SMARCB1,0
SMARCC1,0.000851987
SMARCC2,0.000150178
SMARCD1,0.00011508
SMC1A,0.00015996
SMC3,7.26E-05
SMC5,0.000151238
SMCHD1,5.27E-05
SMG1,0.000712347
SMG5,0
SMG7,0.000288215
SMG9,8.16E-05
SMIM12,0.000212138
SMIM15,0.000541816
SMIM7,0.00060301
SMNDC1,0.000152352
SMS,0.000942698
SMU1,0.000713195
SMUG1,0.000194544
SNAP29,0
SNAP47,0.00033693
SNAPC3,0.000418278
SND1,0.000924555
SNRK,0.001118985
SNRNP200,0.001085692
SNRNP40,0
SNRNP70,0.001268808
SNRPB2,0.000343821
SNRPD1,0
SNRPD3,0.000289685
SNU13,0.000678542
SNW1,0.000430918
SNX1,6.18E-05
SNX12,0.002164261
SNX13,0.000318561
SNX14,2.48E-05
SNX17,0
SNX19,0.000309534
SNX2,7.87E-05
SNX27,0.00024938
SNX33,0
SNX5,0.000412787
SNX6,8.01E-05
SNX9,0.001543906
SOD1,0.000408175
SOGA1,0
SON,0.001051803
SOS1,0.000473768
SOS2,0.000228057
SP1,0
SP100,0.000578851
SP3,0
SPAG9,0
SPAST,0.00021444
SPCS1,0
SPCS3,0.000429222
SPECC1L,0.00047602
SPEN,0.000220903
SPG11,0.000157415
SPG21,0.000689398
SPG7,0
SPIDR,0.000274789
SPIN1,0.000380904
SPOP,0.000195823
SPPL2A,0.000326394
SPPL3,0.000502097
SPRING1,0.000223359
SPTLC1,0.000140684
SPTLC2,0.000359781
SPTSSA,0
SREBF2,0.000199272
SREK1,0.000376198
SRF,0.000859794
SRI,9.64E-05
SRP14,8.23E-05
SRP54,0
SRP68,0.000152674
SRP72,0.000227146
SRP9,0.000569658
SRPK1,0.000358857
SRPK2,0.001421604
SRPRB,0.000360503
SRRM1,0
SRRT,0.001192394
SRSF1,0.000176082
SRSF10,0.000143084
SRSF11,0.000177445
SRSF2,0
SRSF3,0.000111683
SRSF4,0.000200991
SRSF5,0.001041229
SRSF6,0.0006542
SRSF7,0.000203382
SS18,0.000267008
SSB,0.000428967
SSBP1,0.000398978
SSBP3,0
SSH1,5.74E-05
SSR1,0.000293604
SSR3,0.000269737
SSU72,0.000201264
ST13,0.000272286
ST3GAL1,0.00027413
STAB1,0.000880057
STAG2,0.000316526
STAM2,7.11E-05
STAMBP,0.000587424
STARD7,0.000212644
STAT2,3.44E-05
STAT6,0.000163707
STAU2,0.000871623
STIM1,7.24E-05
STK25,6.76E-05
STK3,0
STK35,0.000398099
STK38,0.000114508
STK38L,0
STK4,5.87E-05
STK40,0.000532173
STMP1,0.000207123
STRIP1,0.000261525
STRN,0
STT3A,0.000529987
STT3B,0.000268331
STX12,0.000935103
STX16,0.000289344
STX17,0.000717563
STX18,7.43E-05
STX3,0.000154361
STX5,0.00026606
STX6,0.000161374
STX7,0.00128964
SUCLA2,0.00030427
SUCLG1,0.000136787
SUCLG2,0.000140767
SUCO,0.000363325
SUDS3,0.000431032
SUGP2,6.79E-05
SUGT1,7.50E-05
SUMF1,0.000540068
SUMO1,0.000359745
SUMO2,0.000461292
SUMO3,7.15E-05
SUN1,0.000126806
SUPT16H,0.00019957
SUPT6H,0.000185065
SUPT7L,0.000281205
SUPV3L1,0
SURF4,0
SUSD6,0.000238286
SWAP70,0.000834073
SYF2,0.000327743
SYMPK,0
SYNCRIP,0
SYNJ2BP,0.000250436
SYNRG,0.000637761
SYPL1,0.000976064
SYS1,0.000880903
SZRD1,0.000278965
TAB2,0.00119244
TADA2B,0.000382392
TAF15,7.90E-05
TAF1D,0.000845791
TAF5L,0.000475898
TAF7,0.00030294
TAF8,0
TAF9B,0.000995688
TALDO1,0.000302401
TAOK2,5.08E-05
TAOK3,0.000260704
TARDBP,7.99E-05
TARS1,0.000132788
TASOR,0.000295038
TBC1D10B,0.000266171
TBC1D15,0.002146776
TBC1D16,0.000725011
TBC1D20,0.00040206
TBC1D22A,0.000420243
TBC1D23,0.000368397
TBC1D24,1.22E-05
TBC1D5,0.000224516
TBC1D9B,0.000189114
TBCA,0
TBCD,0
TBK1,0.000586691
TBL1X,0.000516927
TBL2,0.00038658
TCEA1,0.000308637
TCERG1,0.000208704
TCF12,2.56E-05
TCF25,0.00041493
TCF3,0.000438129
TCP1,0.000392804
TCTN3,0.00122593
TDP2,0.000144352
TENT2,0.000295197
TEP1,0.000321401
TERF2IP,0.000939922
TEX10,0.000157898
TEX2,0.000505009
TEX261,0.000925462
TFAM,0.000350105
TFDP1,0.000366799
TFDP2,0.000207969
TFG,0.000269928
TGFBR1,0.000403023
TGFBRAP1,0.000548411
TGIF1,0.000160447
TGOLN2,0.000322311
THAP12,0
THOC1,4.01E-05
THOC2,0.000346878
THOC7,0.00037842
THRA,0.00015354
THRAP3,0
THUMPD1,0
THUMPD3,0.000117484
TIA1,7.05E-05
TIAL1,0.000842683
TIMM10B,0.001105352
TIMM17A,0.000358225
TIMM23,0.000229459
TIMMDC1,0.000307611
TINF2,0.000338286
TIPRL,0.000145802
TJP1,0.000575388
TLE3,0.000556499
TLE5,0
TLK1,0.000229558
TLK2,0.000764568
TM2D3,7.44E-05
TM7SF3,0.000652151
TM9SF3,0.000273568
TM9SF4,0.000223027
TMBIM1,0.00021436
TMCC1,5.62E-05
TMCO1,0.000357965
TMCO3,7.24E-05
TMED3,0
TMED4,0
TMED5,0.000114579
TMED7,0
TMED8,8.37E-05
TMED9,0
TMEM106B,0.000199747
TMEM106C,7.40E-05
TMEM109,0.000311241
TMEM127,0.000493542
TMEM131,0.000635684
TMEM14B,6.75E-05
TMEM14C,0.000789131
TMEM164,0.000575924
TMEM165,0.000201998
TMEM167A,0.000562048
TMEM167B,0.000495925
TMEM168,0.0003605
TMEM181,0.002002888
TMEM183A,0.000587101
TMEM184B,0.00034979
TMEM185B,0.000202062
TMEM214,0.000909063
TMEM219,0
TMEM230,0.000360662
TMEM245,0.000530391
TMEM248,0.000186445
TMEM263,7.23E-05
TMEM268,0
TMEM30A,0
TMEM33,0.000354226
TMEM39A,0.000490842
TMEM41A,0.000261928
TMEM43,8.16E-05
TMEM50A,0.000538968
TMEM50B,0.000198611
TMEM59,0.000253571
TMEM63A,0
TMEM63B,0.000630356
TMEM87A,0.000175864
TMEM87B,0.000173865
TMEM9,0.0004693
TMEM9B,0.000741293
TMOD3,0.000164018
TMPO,0.000292426
TMTC3,0.000200079
TMX1,0.000576957
TMX3,0.000249294
TNFAIP1,0.000475683
TNFRSF1A,0.00051626
TNIP1,0
TNK2,0.00032615
TNKS,0.000517496
TNKS1BP1,0.000100126
TNKS2,0.000290605
TNPO1,0.000322036
TNPO2,0.000886865
TNPO3,0.000449906
TNRC18,0.000564169
TNRC6A,0.000560117
TNRC6B,0.000362195
TNS3,0.00014716
TOB2,0.000301317
TOM1L2,4.26E-05
TOMM70,0.00083738
TOP1,0.000223761
TOP2B,0.000875696
TOP3A,0.000376547
TOPBP1,0.000227171
TOR1A,0.001307249
TOR1AIP1,0.000520756
TOR1AIP2,0.000685431
TOR1B,0.000533446
TOR3A,0
TOX4,0.000411483
TP53I11,0.000544177
TPD52L2,0
TPGS2,0.000430885
TPP1,0.000154532
TPP2,0
TPR,0.001268282
TPRG1L,6.07E-05
TRA2A,0
TRA2B,6.12E-05
TRAF3IP2,0.000113468
TRAK1,0.00018603
TRAK2,0.000531408
TRAM1,0.000680427
TRAM2,0.000151354
TRAPPC11,0.000676566
TRAPPC12,0.000910219
TRAPPC3,7.43E-05
TRAPPC9,0.000661632
TRIB1,0.001377759
TRIM24,0.000449524
TRIM25,0.000992168
TRIM26,0.000583661
TRIM27,0.000348651
TRIM41,0.000427075
TRIM44,0.001171145
TRIM56,0.000517432
TRIM69,0
TRIM8,0.000381102
TRIOBP,0.00051388
TRIP11,0.000361171
TRIP12,0.000772615
TRIP4,0.000302281
TRMT5,0.00012882
TRRAP,0.000326289
TSC1,0.000102335
TSC2,6.39E-05
TSC22D1,0.000337985
TSC22D3,3.70E-05
TSG101,0.00015409
TSN,0.000187143
TSNAX,0.000271183
TSPYL1,0.001119002
TSR1,0.00040245
TTC1,0.000209417
TTC17,0.000147622
TTC19,0.000209422
TTC27,0.000401271
TTC31,0.00024045
TTC37,9.72E-05
TTI1,0.00045494
TTL,0.000633018
TTYH3,0.000867727
TUBB4B,0.000268212
TUBGCP2,0.000130285
TUBGCP6,6.33E-05
TUG1,0.000141899
TULP3,0.000320073
TULP4,0.000406986
TUT7,0.000210033
TWF1,0.000524345
TXLNA,0.000381462
TXNDC11,0
TXNDC15,5.54E-05
TXNL1,0
TXNL4A,0
TXNRD1,0
TYK2,0.000365995
TYW1,0
U2AF2,0.000435336
U2SURP,6.51E-05
UACA,0.001362178
UAP1,0.001097862
UBA2,0.001695244
UBA3,0.000156691
UBA6,0
UBAC2,0.000348847
UBAP1,0.000203948
UBAP2,0.00016199
UBAP2L,0.000140031
UBE2A,0.00028629
UBE2B,0.000745067
UBE2D2,0.000135348
UBE2D3,0.000146047
UBE2G1,0.00139254
UBE2G2,0.00053498
UBE2H,0
UBE2I,0
UBE2J2,0.000379455
UBE2K,0.000623486
UBE2L3,0.000394751
UBE2L6,0.000461848
UBE2N,0.000384849
UBE2Q1,0.000217526
UBE2R2,0.000299794
UBE2V2,0.000287268
UBE2W,0.000562792
UBE3A,0.000310966
UBE3B,0
UBE3C,0.000303645
UBE4B,0
UBFD1,0.000445994
UBL3,0.000118974
UBL5,0
UBN1,0.000135556
UBP1,0.000683344
UBQLN1,8.36E-05
UBQLN2,0.000864878
UBQLN4,7.08E-05
UBR2,0.000146966
UBR3,0.000411397
UBR4,0.000397763
UBR5,8.07E-05
UBR7,0.000182096
UBTF,0.000132837
UBXN4,0.00051492
UBXN7,0.000558225
UCHL5,0.000232113
UCK2,0.00033875
UFC1,0.000283885
UFD1,0.000455968
UFM1,0.000661772
UGGT1,0.000350835
UGP2,0.000351663
UHMK1,0.000753342
UHRF2,5.93E-05
UMPS,0.000281404
UNC13B,0.000988984
UPF1,0.000155419
UPF2,0.000472478
UPF3A,0.000166765
UQCC1,0
UQCRB,7.27E-05
UQCRC2,0.000391653
URGCP,7.95E-05
UROS,0.000334051
USF2,6.78E-05
USO1,0.000201532
USP1,0.000240121
USP10,0.000511159
USP14,7.22E-05
USP15,0.000452651
USP16,0
USP19,0.000158079
USP24,0.000199763
USP33,0.000362317
USP36,0.001199795
USP38,0.000497321
USP39,0
USP4,0.000209207
USP40,0
USP48,0
USP7,0
USP8,0.000424446
USP9X,0.000657603
UTP11,0.000481666
UTP25,7.59E-05
UTP4,8.16E-05
UTP6,0.000222752
UTRN,0.000391559
UVRAG,0.000130155
UXS1,0.000209033
VAC14,0.000514146
VAMP3,1.87E-05
VAPA,0.000327896
VAPB,0.000730549
VARS1,0.000286666
VASP,0.000468373
VCPIP1,0.000753702
VDAC1,0.000574225
VEZF1,0
VEZT,0.000129633
VHL,0.000209831
VIRMA,0.000245134
VKORC1L1,0.000537443
VMA21,0.000428617
VOPP1,7.41E-05
VPS13D,0.000249212
VPS26B,0.000223843
VPS26C,0.000146229
VPS29,7.12E-05
VPS35,5.77E-05
VPS35L,0.000110186
VPS36,0.000412434
VPS39,0.000453376
VPS41,0
VPS45,0.000158199
VPS4B,6.36E-05
VPS53,0
VPS8,0.000158198
VTA1,0.000306091
VTI1B,0
WAC,0
WAPL,3.64E-05
WASF2,8.44E-05
WASHC2C,0.000623899
WASHC4,0
WASHC5,0.000199287
WASL,0.000241257
WBP1L,0.001019583
WDFY1,0.000678509
WDFY3,0.001677856
WDR1,6.16E-05
WDR12,0.000381037
WDR26,0.000300815
WDR33,2.01E-05
WDR41,0.000899106
WDR43,6.26E-05
WDR45B,0.000469055
WDR48,0.000103698
WDR5,0.000464888
WDR59,0.000731924
WDR6,0.000446814
WDR61,0.000214032
WDR70,0.001002097
WDR75,7.96E-05
WDR82,0.000256468
WDTC1,0.000176695
WIPI2,0.000211401
WIZ,0.000289255
WRNIP1,0.000266787
WSB1,0
WSB2,0.000740408
WTAP,0
WWC3,0.000443272
WWP2,9.12E-05
WWTR1,0.00012089
XIAP,0.001147106
XPNPEP1,8.01E-05
XPO1,0.000352847
XPO4,0
XPO5,0.000128109
XPO6,0.000365879
XPO7,0.000272922
XRCC5,0.000139123
XRCC6,0.000146074
XRN2,0.000360557
YAP1,0
YARS1,0.000253669
YEATS2,0
YIPF1,0.000570034
YIPF3,0.00021984
YIPF4,0.00021297
YIPF5,0.000133091
YIPF6,0.000215349
YKT6,0.000602174
YLPM1,0
YME1L1,0
YPEL5,0.00014056
YTHDC1,0.000498875
YTHDF1,0.000693633
YTHDF2,0.001019152
YTHDF3,0.000584893
YWHAH,0
YY1,0.000354989
YY1AP1,0.000205517
ZADH2,0.001054502
ZBED1,0.000657745
ZBED5,0.001218299
ZBTB4,0
ZBTB40,0.000224364
ZBTB44,0.000149263
ZBTB7A,0.00023066
ZBTB7B,7.82E-05
ZC3H13,0.000220216
ZC3H14,0.000842994
ZC3H15,0.000151071
ZC3H4,0.000271539
ZC3H7B,0.000375283
ZC3HAV1,0.000872093
ZCCHC14,0
ZCCHC7,0.001000681
ZCRB1,0.000168163
ZDHHC16,4.12E-05
ZDHHC20,0.001164793
ZDHHC3,0.000275568
ZDHHC6,6.82E-05
ZDHHC7,0.000439894
ZDHHC9,0
ZFAND3,0.000324272
ZFAND5,0.000182186
ZFC3H1,0.000304497
ZFP62,0.000653633
ZFP91,0.000523763
ZFR,4.47E-06
ZFX,4.38E-05
ZFYVE1,0.000327225
ZFYVE26,0.000248184
ZHX1,0.000260557
ZKSCAN1,0.00022029
ZMAT2,0.00069143
ZMIZ2,0.000680139
ZMPSTE24,0.000305669
ZMYM2,0.000499879
ZMYM3,0.000575454
ZMYM4,0
ZMYND11,0.000298859
ZMYND8,0.000133426
ZNF12,0.000127182
ZNF121,3.60E-05
ZNF142,0
ZNF146,0.000219829
ZNF148,0.000134019
ZNF207,0.001002305
ZNF251,0.000156304
ZNF3,0.000397699
ZNF317,0.000549383
ZNF318,0.000428571
ZNF335,0.000581676
ZNF33A,0.00099011
ZNF362,0.000343566
ZNF395,0.000122126
ZNF397,0.000629796
ZNF451,0
ZNF496,0.000426786
ZNF561,0.001330954
ZNF562,0.000716606
ZNF592,0.000383251
ZNF609,0
ZNF623,0
ZNF638,0.000450943
ZNF644,0.000177023
ZNF664,0.000981359
ZNF687,0.000615197
ZNF7,0.000681167
ZNF706,0.000175518
ZNF740,0.000324986
ZNF766,0.000761071
ZNF791,0.001146912
ZNF83,0.001279061
ZNF84,0.00014136
ZNFX1,0.000171695
ZNHIT1,0.000301478
ZNHIT6,0.000599469
ZRANB2,0.000377163
ZSWIM8,0.000215883
ZXDC,0.000148116
ZYG11B,0
ZYX,0.000396365
ZZEF1,0.00019418